id,year,PLAYER,Mat,Inns,NO,Runs,HS,Avg,BF,SR,100,50,4s,6s
1,2008,Shaun Marsh,11,11,2,616,115,68.44,441,139.68,1,5,59,26
2,2008,Gautam Gambhir,14,14,1,534,86,41.07,379,140.89,0,5,68,8
3,2008,Sanath Jayasuriya,14,14,2,518,114*,43.16,309,167.63,1,2,58,31
4,2008,Shane Watson,15,15,5,472,76*,47.20,311,151.76,0,4,47,19
5,2008,Graeme Smith,11,11,2,441,91,49.00,362,121.82,0,3,54,8
6,2008,Adam Gilchrist,14,14,1,436,109*,33.53,318,137.10,1,3,51,19
7,2008,Yusuf Pathan,16,15,1,435,68,31.07,243,179.01,0,4,43,25
8,2008,Suresh Raina,16,14,3,421,55*,38.27,296,142.22,0,3,35,18
9,2008,MS Dhoni,16,14,4,414,65,41.40,310,133.54,0,2,38,15
10,2008,Virender Sehwag,14,14,2,406,94*,33.83,220,184.54,0,3,46,21
11,2008,Rohit Sharma,13,12,1,404,76*,36.72,273,147.98,0,4,38,19
12,2008,Rahul Dravid,14,14,1,371,75*,28.53,298,124.49,0,2,35,11
13,2008,Sourav Ganguly,13,13,1,349,91,29.08,307,113.68,0,3,33,15
14,2008,Shikhar Dhawan,14,14,5,340,68*,37.77,295,115.25,0,4,35,8
15,2008,Kumar Sangakkara,10,9,0,320,94,35.55,198,161.61,0,4,41,8
16,2008,Robin Uthappa,14,14,5,320,48,35.55,279,114.69,0,0,34,9
17,2008,David Hussey,13,13,2,319,71,29.00,259,123.16,0,2,19,17
18,2008,SA Asnodkar,9,9,0,311,60,34.55,233,133.47,0,2,43,6
19,2008,Parthiv Patel,13,13,2,302,54,27.45,297,101.68,0,2,42,3
20,2008,Yuvraj Singh,15,14,1,299,57,23.00,184,162.50,0,1,24,19
21,2008,Venugopal Rao,11,10,2,288,71*,36.00,210,137.14,0,2,22,15
22,2008,Albie Morkel,13,10,3,241,71,34.42,163,147.85,0,1,18,14
23,2008,Mark Boucher,10,10,3,225,50*,32.14,177,127.11,0,1,24,6
24,2008,James Hopes,11,11,0,221,71,20.09,148,149.32,0,2,27,8
25,2008,Abhishek Nayar,14,10,2,206,45*,25.75,138,149.27,0,0,16,9
26,2008,Jacques Kallis,11,11,0,199,54,18.09,183,108.74,0,1,23,4
27,2008,Stephen Fleming,10,10,1,196,45,21.77,164,119.51,0,0,27,3
28,2008,Salman Butt,7,7,0,193,73,27.57,161,119.87,0,1,30,2
29,2008,Subramaniam Badrinath,16,11,5,192,64,32.00,130,147.69,0,2,21,8
30,2008,Matthew Hayden,4,4,1,189,81,63.00,131,144.27,0,2,24,6
31,2008,Brendon McCullum,4,4,1,188,158*,62.66,92,204.34,1,0,13,15
32,2008,Sachin Tendulkar,7,7,1,188,65,31.33,177,106.21,0,1,26,2
33,2008,Mahela Jayawardene,13,12,5,179,45*,25.57,131,136.64,0,0,15,7
34,2008,Dwayne Bravo,9,7,1,178,64*,29.66,134,132.83,0,1,19,5
35,2008,Mohammad Kaif,16,14,3,176,34*,16.00,171,102.92,0,0,14,6
36,2008,Michael Hussey,4,3,1,168,116*,84.00,100,168.00,1,0,12,11
37,2008,Herschelle Gibbs,9,9,0,167,47,18.55,153,109.15,0,0,17,8
38,2008,Virat Kohli,13,12,1,165,38,15.00,157,105.09,0,0,18,4
39,2008,Laxmi Ratan Shukla,13,12,4,163,42,20.37,122,133.60,0,0,17,5
40,2008,Andrew Symonds,4,3,1,161,117*,80.50,105,153.33,1,0,15,9
41,2008,Wriddhiman Saha,12,10,5,159,59*,31.80,119,133.61,0,1,12,7
42,2008,VVS Laxman,6,6,1,155,52,31.00,132,117.42,0,1,22,1
43,2008,Luke Pomersbach,5,5,4,152,79*,152.00,99,153.53,0,1,13,9
44,2008,Ross Taylor,4,4,0,149,53,37.25,81,183.95,0,1,13,10
45,2008,Shaun Pollock,13,8,0,147,33,18.37,111,132.43,0,0,12,8
46,2008,S Vidyut,9,8,0,145,54,18.12,109,133.02,0,1,21,3
47,2008,Dinesh Karthik,13,8,2,145,56*,24.16,107,135.51,0,1,13,4
48,2008,Ravindra Jadeja,14,9,2,135,36*,19.28,103,131.06,0,0,11,6
49,2008,Irfan Pathan,14,10,4,131,40,21.83,116,112.93,0,0,9,6
50,2008,Kamran Akmal,6,6,1,128,53*,25.60,78,164.10,0,1,13,8
51,2008,MF Maharoof,10,8,2,125,39,20.83,79,158.22,0,0,10,7
52,2008,Misbah-ul-Haq,8,8,1,117,47*,16.71,81,144.44,0,0,10,6
53,2008,W Jaffer,6,6,0,115,50,19.16,104,110.57,0,1,12,3
54,2008,Cameron White,8,8,1,114,31*,16.28,102,111.76,0,0,8,4
55,2008,Scott Styris,8,8,2,112,36*,18.66,123,91.05,0,0,9,2
56,2008,Praveen Kumar,13,12,2,112,34,11.20,98,114.28,0,0,10,6
57,2008,Dwaraka Ravi Teja,7,6,0,109,40,18.16,82,132.92,0,0,10,5
58,2008,Manoj Tiwary,9,7,3,104,39,26.00,85,122.35,0,0,16,0
59,2008,Tillakaratne Dilshan,7,7,1,104,33,17.33,79,131.64,0,0,14,3
60,2008,Debabrata Das,6,6,0,103,31,17.16,94,109.57,0,0,9,5
61,2008,NK Patel,5,4,2,103,57,51.50,81,127.16,0,1,13,1
62,2008,Simon Katich,2,2,1,96,75,96.00,69,139.13,0,1,11,2
63,2008,AB de Villiers,6,6,1,95,26*,19.00,98,96.93,0,0,5,1
64,2008,Piyush Chawla,15,7,3,90,24*,22.50,59,152.54,0,0,10,3
65,2008,Shreevats Goswami,4,3,0,82,52,27.33,85,96.47,0,1,9,1
66,2008,Shahid Afridi,10,9,1,81,33,10.12,46,176.08,0,0,7,6
67,2008,K Goel,7,6,0,76,26,12.66,78,97.43,0,0,7,4
68,2008,Ramnaresh Sarwan,4,4,0,73,31,18.25,75,97.33,0,0,6,1
69,2008,Shane Warne,15,7,2,70,22*,14.00,59,118.64,0,0,7,2
70,2008,Ajit Agarkar,9,6,1,54,20,10.80,46,117.39,0,0,5,2
71,2008,Shoaib Malik,7,5,1,52,24,13.00,47,110.63,0,0,5,0
72,2008,Arjun Yadav,8,6,1,49,16,9.80,39,125.64,0,0,5,2
73,2008,SB Bangar,11,7,1,47,17*,7.83,49,95.91,0,0,1,3
74,2008,Balachandra Akhil,7,7,4,46,27*,15.33,31,148.38,0,0,4,3
75,2008,Dwayne Smith,4,3,0,45,20,15.00,40,112.50,0,0,5,1
76,2008,Aakash Chopra,5,5,0,42,24,8.40,52,80.76,0,0,5,0
77,2008,LPC Silva,3,3,1,40,23*,20.00,26,153.84,0,0,5,1
78,2008,Ricky Ponting,4,4,0,39,20,9.75,53,73.58,0,0,2,1
79,2008,Umar Gul,6,4,1,39,24,13.00,19,205.26,0,0,1,5
80,2008,Dominic Thornely,6,4,2,39,30,19.50,53,73.58,0,0,2,2
81,2008,Amit Mishra,6,3,0,37,31,12.33,42,88.09,0,0,3,0
82,2008,Sohail Tanvir,11,5,2,36,13,12.00,29,124.13,0,0,3,1
83,2008,Manpreet Gony,16,5,4,35,15*,35.00,23,152.17,0,0,2,3
84,2008,Luke Ronchi,4,4,0,34,13,8.50,32,106.25,0,0,6,1
85,2008,Mahesh Rawat,11,7,3,34,23*,8.50,39,87.17,0,0,3,1
86,2008,Rajat Bhatia,9,3,1,34,17,17.00,28,121.42,0,0,2,2
87,2008,Zaheer Khan,11,8,4,34,17*,8.50,43,79.06,0,0,4,0
88,2008,Pinal Shah,5,4,0,34,19,8.50,35,97.14,0,0,4,0
89,2008,Dinesh Salunkhe,6,3,1,33,26*,16.50,24,137.50,0,0,5,0
90,2008,Tatenda Taibu,3,3,0,31,15,10.33,26,119.23,0,0,3,0
91,2008,Harbhajan Singh,3,3,1,30,28,15.00,17,176.47,0,0,1,3
92,2008,Murali Kartik,6,3,0,30,17,10.00,27,111.11,0,0,3,0
93,2008,Ramesh Powar,5,1,1,28,28*,-,21,133.33,0,0,4,1
94,2008,RP Singh,14,9,5,27,10,6.75,24,112.50,0,0,2,1
95,2008,Saurabh Tiwary,3,2,0,26,17,13.00,20,130.00,0,0,3,1
96,2008,WA Mota,4,2,1,26,25,26.00,27,96.29,0,0,2,0
97,2008,Shivnarine Chanderpaul,3,3,0,25,16,8.33,31,80.64,0,0,4,0
98,2008,Vinay Kumar,8,4,1,25,23,8.33,22,113.63,0,0,2,1
99,2008,MA Khote,4,3,1,24,9,12.00,22,109.09,0,0,2,1
100,2008,J Arunkumar,3,3,0,23,22,7.66,23,100.00,0,0,5,0
101,2009,Matthew Hayden,12,12,1,572,89,52.00,395,144.81,0,5,60,22
102,2009,Adam Gilchrist,16,16,0,495,85,30.93,325,152.30,0,3,54,29
103,2009,Suresh Raina,14,14,0,434,98,31.00,308,140.90,0,2,37,21
104,2009,JP Duminy,13,12,3,372,62,41.33,325,114.46,0,5,26,11
105,2009,Herschelle Gibbs,14,14,3,371,69*,33.72,331,112.08,0,4,32,12
106,2009,Brad Hodge,12,12,3,365,73,40.55,310,117.74,0,3,34,9
107,2009,Sachin Tendulkar,13,13,2,364,68,33.09,303,120.13,0,2,39,10
108,2009,Rohit Sharma,16,16,3,362,52,27.84,315,114.92,0,1,22,18
109,2009,Jacques Kallis,15,15,2,361,69*,27.76,332,108.73,0,3,37,8
110,2009,Yuvraj Singh,14,14,2,340,58*,28.33,294,115.64,0,2,25,16
111,2009,Kumar Sangakkara,14,13,2,332,60,30.18,324,102.46,0,2,29,5
112,2009,MS Dhoni,14,13,5,332,58*,41.50,261,127.20,0,2,22,9
113,2009,Ravindra Jadeja,13,13,2,295,42,26.81,266,110.90,0,0,21,6
114,2009,Brendon McCullum,13,13,1,285,84*,23.75,239,119.24,0,2,27,12
115,2009,Ross Taylor,11,11,2,280,81*,31.11,208,134.61,0,1,20,15
116,2009,Rahul Dravid,13,12,0,271,66,22.58,234,115.81,0,1,28,3
117,2009,Andrew Symonds,8,8,1,249,60*,35.57,166,150.00,0,1,15,11
118,2009,Virat Kohli,16,13,2,246,50,22.36,219,112.32,0,1,22,8
119,2009,Yusuf Pathan,13,13,1,243,62*,20.25,183,132.78,0,1,24,12
120,2009,Tirumalasetti Suman,12,12,2,237,41*,23.70,190,124.73,0,0,18,8
121,2009,Sanath Jayasuriya,12,12,0,221,52,18.41,192,115.10,0,2,23,7
122,2009,Mahela Jayawardene,10,10,4,219,52*,36.50,165,132.72,0,1,17,7
123,2009,Dwayne Bravo,11,10,2,218,70*,27.25,203,107.38,0,2,15,8
124,2009,Dwayne Smith,8,8,0,215,49,26.87,132,162.87,0,0,12,15
125,2009,Graeme Smith,12,12,1,212,77,19.27,216,98.14,0,1,27,1
126,2009,Irfan Pathan,14,12,2,196,39,19.60,158,124.05,0,0,17,6
127,2009,Abhishek Nayar,13,11,2,193,35,21.44,152,126.97,0,0,14,7
128,2009,Sourav Ganguly,13,11,0,189,46,17.18,207,91.30,0,0,13,6
129,2009,Subramaniam Badrinath,14,11,2,177,59*,19.66,164,107.92,0,1,20,4
130,2009,Robin Uthappa,15,13,2,175,66*,15.90,170,102.94,0,1,18,3
131,2009,Chris Gayle,7,7,1,171,44*,28.50,143,119.58,0,0,15,10
132,2009,Manish Pandey,5,4,2,168,114*,84.00,118,142.37,1,0,17,4
133,2009,Naman Ojha,8,8,1,168,68,24.00,144,116.66,0,2,11,11
134,2009,Mark Boucher,12,9,4,150,48*,30.00,116,129.31,0,0,8,6
135,2009,Simon Katich,9,9,0,145,50,16.11,117,123.93,0,1,15,6
136,2009,Ajinkya Rahane,8,7,1,144,62*,24.00,123,117.07,0,2,12,3
137,2009,Parthiv Patel,9,9,0,142,36,15.77,126,112.69,0,0,19,2
138,2009,Ravi Bopara,5,5,0,138,84,27.60,119,115.96,0,1,8,7
139,2009,K Goel,9,9,1,124,38,15.50,133,93.23,0,0,9,4
140,2009,Venugopal Rao,16,13,2,124,32,11.27,114,108.77,0,0,6,3
141,2009,Roelof van der Merwe,10,8,0,122,35,15.25,98,124.48,0,0,8,8
142,2009,Sunny Sohal,8,8,0,115,43,14.37,93,123.65,0,0,9,8
143,2009,Shane Warne,13,11,3,108,34*,13.50,116,93.10,0,0,6,4
144,2009,Rob Quiney,7,7,0,103,51,14.71,102,100.98,0,1,12,3
145,2009,David Hussey,4,4,0,98,43,24.50,59,166.10,0,0,7,6
146,2009,SA Asnodkar,8,8,0,98,44,12.25,93,105.37,0,0,11,4
147,2009,Albie Morkel,12,10,6,97,21*,24.25,70,138.57,0,0,8,4
148,2009,Kevin Pietersen,6,6,0,93,37,15.50,85,109.41,0,0,8,2
149,2009,Jacob Oram,11,8,2,88,41*,14.66,93,94.62,0,0,5,4
150,2009,Harbhajan Singh,13,10,2,84,20,10.50,53,158.49,0,0,6,5
151,2009,Laxmi Ratan Shukla,9,6,1,83,48*,16.60,85,97.64,0,0,5,3
152,2009,LA Carseldine,5,5,1,81,39,20.25,68,119.11,0,0,11,0
153,2009,Abhishek Raut,9,7,3,78,36*,19.50,61,127.86,0,0,5,3
154,2009,Wriddhiman Saha,8,7,4,72,25*,24.00,41,175.60,0,0,3,4
155,2009,Azhar Bilakhia,6,6,2,67,22,16.75,81,82.71,0,0,5,0
156,2009,Ajit Agarkar,11,7,5,66,39,33.00,57,115.78,0,0,3,3
157,2009,Praveen Kumar,13,8,3,65,14*,13.00,46,141.30,0,0,1,6
158,2009,Dwaraka Ravi Teja,9,6,3,65,27,21.66,70,92.85,0,0,7,0
159,2009,Andrew Flintoff,3,3,1,62,24,31.00,53,116.98,0,0,5,2
160,2009,Murali Vijay,4,4,0,60,31,15.00,67,89.55,0,0,4,2
161,2009,Jesse Ryder,5,5,0,56,32,11.20,49,114.28,0,0,9,0
162,2009,Shreevats Goswami,2,2,0,53,43,26.50,60,88.33,0,0,6,0
163,2009,Pinal Shah,9,5,2,53,29,17.66,51,103.92,0,0,4,2
164,2009,Vinay Kumar,11,8,3,47,12,9.40,44,106.81,0,0,4,1
165,2009,Yashpal Singh,8,4,0,47,20,11.75,66,71.21,0,0,5,0
166,2009,Johan Botha,3,3,1,47,37,23.50,40,117.50,0,0,5,0
167,2009,George Bailey,3,2,0,45,30,22.50,39,115.38,0,0,7,0
168,2009,Luke Pomersbach,4,4,0,41,26,10.25,49,83.67,0,0,3,1
169,2009,Shikhar Dhawan,5,4,0,40,22,10.00,45,88.88,0,0,3,0
170,2009,Shikhar Dhawan,5,4,0,40,22,10.00,45,88.88,0,0,3,0
171,2009,Dimitri Mascarenhas,5,4,0,39,27,9.75,39,100.00,0,0,4,0
172,2009,Moises Henriques,4,3,1,38,30*,19.00,40,95.00,0,0,2,1
173,2009,Munaf Patel,11,5,2,33,23*,11.00,26,126.92,0,0,5,0
174,2009,Piyush Chawla,14,10,5,31,8*,6.20,36,86.11,0,0,3,0
175,2009,WA Mota,8,6,1,30,12,6.00,48,62.50,0,0,0,0
176,2009,Chaminda Vaas,2,2,1,30,20,30.00,21,142.85,0,0,1,1
177,2009,Brett Lee,5,4,2,28,14*,14.00,34,82.35,0,0,2,1
178,2009,Amit Mishra,11,5,2,26,13*,8.66,20,130.00,0,0,2,2
179,2009,Ramesh Powar,9,4,3,23,10,23.00,22,104.54,0,0,2,0
180,2009,Murali Kartik,10,2,2,21,11*,-,20,105.00,0,0,0,0
181,2009,Ryan Harris,8,5,4,21,9*,21.00,18,116.66,0,0,0,0
182,2009,Joginder Sharma,4,2,1,20,16*,20.00,18,111.11,0,0,0,1
183,2009,Shadab Jakati,9,2,1,20,13,20.00,15,133.33,0,0,3,0
184,2009,R Bishnoi,3,3,0,19,18,6.33,17,111.76,0,0,1,2
185,2009,VVS Laxman,5,5,0,19,10,3.80,33,57.57,0,0,1,1
186,2009,NK Patel,4,2,0,18,14,9.00,38,47.36,0,0,1,0
187,2009,Balachandra Akhil,6,3,1,17,9,8.50,15,113.33,0,0,1,1
188,2009,Mahesh Rawat,5,3,3,16,8*,-,19,84.21,0,0,1,0
189,2009,Ishant Sharma,11,3,1,16,9,8.00,13,123.07,0,0,1,1
190,2009,Ishant Sharma,11,3,1,16,9,8.00,13,123.07,0,0,1,1
191,2009,Anil Kumble,16,7,6,16,7*,16.00,19,84.21,0,0,2,0
192,2009,Angelo Mathews,1,1,0,16,16,16.00,13,123.07,0,0,2,0
193,2009,W Jaffer,2,2,0,15,8,7.50,17,88.23,0,0,2,0
194,2009,GR Napier,1,1,0,15,15,15.00,16,93.75,0,0,1,0
195,2009,Scott Styris,2,1,0,14,14,14.00,8,175.00,0,0,0,1
196,2009,Manpreet Gony,7,3,1,13,7,6.50,7,185.71,0,0,0,2
197,2009,Saurabh Tiwary,4,3,2,13,6*,13.00,12,108.33,0,0,0,0
198,2009,RR Raje,4,2,1,12,11*,12.00,9,133.33,0,0,0,1
199,2009,T Henderson,2,2,0,11,11,5.50,16,68.75,0,0,0,1
200,2009,Aakash Chopra,2,1,0,11,11,11.00,19,57.89,0,0,2,0
201,2010,Sachin Tendulkar,15,15,2,618,89*,47.53,466,132.61,0,5,86,3
202,2010,Jacques Kallis,16,16,4,572,89*,47.66,494,115.78,0,6,67,9
203,2010,Suresh Raina,16,16,5,520,83*,47.27,364,142.85,0,4,45,22
204,2010,Sourav Ganguly,14,14,1,493,88,37.92,419,117.66,0,4,58,15
205,2010,Murali Vijay,15,15,2,458,127,35.23,292,156.84,1,2,36,26
206,2010,Mahela Jayawardene,13,13,3,439,110*,43.90,298,147.31,1,1,55,11
207,2010,Andrew Symonds,16,16,2,429,54,30.64,341,125.80,0,4,35,18
208,2010,Saurabh Tiwary,16,15,1,419,61,29.92,309,135.59,0,3,29,18
209,2010,Rohit Sharma,16,16,2,404,73,28.85,302,133.77,0,3,36,14
210,2010,Naman Ojha,14,14,2,377,94*,31.41,285,132.28,0,2,42,15
211,2010,Robin Uthappa,16,14,2,374,68*,31.16,218,171.55,0,3,21,27
212,2010,Kumar Sangakkara,13,12,0,357,56,29.75,257,138.91,0,2,47,5
213,2010,Ambati Rayudu,14,14,1,356,55*,27.38,246,144.71,0,2,34,13
214,2010,Virender Sehwag,14,14,0,356,75,25.42,218,163.30,0,3,47,14
215,2010,Subramaniam Badrinath,16,15,4,356,55*,32.36,303,117.49,0,2,41,5
216,2010,Matthew Hayden,16,16,0,346,93,21.62,279,124.01,0,1,37,16
217,2010,Yusuf Pathan,14,14,2,333,100,27.75,201,165.67,1,1,22,24
218,2010,Tirumalasetti Suman,14,14,5,307,78*,34.11,257,119.45,0,2,23,12
219,2010,Virat Kohli,16,13,2,307,58,27.90,212,144.81,0,1,26,12
220,2010,Chris Gayle,9,9,0,292,88,32.44,184,158.69,0,2,30,16
221,2010,Adam Gilchrist,16,16,0,289,54,18.06,185,156.21,0,1,31,16
222,2010,MS Dhoni,13,11,2,287,66*,31.88,210,136.66,0,2,26,8
223,2010,David Warner,11,11,1,282,107*,28.20,191,147.64,1,1,27,14
224,2010,Dinesh Karthik,14,14,1,278,69,21.38,237,117.29,0,1,26,6
225,2010,Michael Lumb,11,11,0,278,83,25.27,192,144.79,0,1,45,6
226,2010,Gautam Gambhir,11,10,1,277,72,30.77,217,127.64,0,2,32,2
227,2010,Irfan Pathan,14,13,5,276,60,34.50,186,148.38,0,1,21,10
228,2010,Kieron Pollard,14,14,2,273,45*,22.75,147,185.71,0,0,23,17
229,2010,Herschelle Gibbs,10,10,0,267,50,26.70,235,113.61,0,1,26,9
230,2010,Rahul Dravid,16,11,2,256,52,28.44,199,128.64,0,1,34,3
231,2010,Yuvraj Singh,14,14,2,255,43,21.25,199,128.14,0,0,20,14
232,2010,Manish Pandey,13,13,1,249,42*,20.75,226,110.17,0,0,27,7
233,2010,Ravi Bopara,10,9,1,248,77,31.00,214,115.88,0,2,25,3
234,2010,Manoj Tiwary,13,11,2,237,75*,26.33,186,127.41,0,2,23,5
235,2010,Kevin Pietersen,7,7,3,236,66*,59.00,157,150.31,0,2,23,8
236,2010,Angelo Mathews,14,11,4,233,65*,33.28,184,126.63,0,1,18,8
237,2010,Manvinder Bisla,10,10,0,218,75,21.80,178,122.47,0,1,27,6
238,2010,Paul Collingwood,8,7,2,203,75*,40.60,156,130.12,0,3,9,13
239,2010,Albie Morkel,14,11,3,198,62,24.75,131,151.14,0,1,10,13
240,2010,Shikhar Dhawan,10,10,0,191,56,19.10,170,112.35,0,2,23,3
241,2010,Shane Watson,6,5,0,185,60,37.00,114,162.28,0,2,18,9
242,2010,Abhishek Jhunjhunwala,13,11,2,183,53*,20.33,166,110.24,0,1,16,4
243,2010,Adam Voges,9,7,3,181,45*,45.25,143,126.57,0,0,15,3
244,2010,Mohnish Mishra,11,11,0,166,41,15.09,144,115.27,0,0,18,6
245,2010,Faiz Fazal,10,9,1,164,45,20.50,154,106.49,0,0,19,1
246,2010,Mithun Manhas,9,8,4,157,32*,39.25,149,105.36,0,0,14,0
247,2010,JP Duminy,7,7,2,157,42*,31.40,131,119.84,0,0,13,5
248,2010,Shaun Marsh,4,4,1,147,88*,49.00,114,128.94,0,2,14,6
249,2010,Cheteshwar Pujara,10,6,2,122,45*,30.50,115,106.08,0,0,14,3
250,2010,Owais Shah,5,5,3,115,58*,57.50,95,121.05,0,1,7,5
251,2010,Brendon McCullum,5,5,1,114,57*,28.50,110,103.63,0,1,14,2
252,2010,Rajagopal Sathish,12,11,4,112,24,16.00,96,116.66,0,0,11,0
253,2010,AB de Villiers,7,7,0,111,45,15.85,119,93.27,0,0,7,0
254,2010,Paras Dogra,9,8,0,107,41,13.37,106,100.94,0,0,4,5
255,2010,Harbhajan Singh,15,7,3,105,49*,26.25,63,166.66,0,0,12,5
256,2010,Brad Hodge,4,4,0,99,50,24.75,90,110.00,0,1,11,1
257,2010,David Hussey,6,6,2,94,31,23.50,86,109.30,0,0,5,5
258,2010,Ross Taylor,7,7,3,88,31*,22.00,75,117.33,0,0,2,6
259,2010,Kedar Jadhav,5,5,2,76,50*,25.33,56,135.71,0,1,7,2
260,2010,Parthiv Patel,4,4,0,72,57,18.00,79,91.13,0,1,6,2
261,2010,Wriddhiman Saha,13,7,4,67,22,22.33,53,126.41,0,0,9,1
262,2010,Ryan McLaren,10,7,4,66,40,22.00,69,95.65,0,0,7,0
263,2010,Andrew McDonald,4,3,3,65,33*,-,52,125.00,0,0,3,2
264,2010,VVS Laxman,6,6,1,64,22,12.80,60,106.66,0,0,7,1
265,2010,Anirudh Singh,5,4,0,63,40,15.75,66,95.45,0,0,6,1
266,2010,Piyush Chawla,14,6,1,62,22,12.40,60,103.33,0,0,7,0
267,2010,Dwayne Bravo,10,8,1,61,23,8.71,53,115.09,0,0,3,4
268,2010,Abhishek Nayar,3,3,1,58,27,29.00,51,113.72,0,0,4,2
269,2010,Abhishek Raut,6,5,3,56,32*,28.00,48,116.66,0,0,3,3
270,2010,Aditya Tare,7,4,0,50,23,12.50,36,138.88,0,0,5,3
271,2010,Cameron White,7,5,3,48,21*,24.00,33,145.45,0,0,3,3
272,2010,Ryan Harris,8,5,1,45,15,11.25,39,115.38,0,0,2,2
273,2010,Tillakaratne Dilshan,6,6,0,44,17,7.33,53,83.01,0,0,6,0
274,2010,Graeme Smith,2,2,0,44,26,22.00,39,112.82,0,0,7,0
275,2010,Adrian Barath,3,3,1,42,33,21.00,42,100.00,0,0,5,1
276,2010,Ajit Agarkar,7,4,3,40,17,40.00,29,137.93,0,0,4,0
277,2010,Amit Mishra,14,7,3,39,12,9.75,51,76.47,0,0,1,0
278,2010,Michael Hussey,3,3,1,37,15,18.50,44,84.09,0,0,2,0
279,2010,Laxmi Ratan Shukla,4,2,0,36,19,18.00,26,138.46,0,0,3,2
280,2010,Eoin Morgan,6,4,1,35,17,11.66,30,116.66,0,0,2,1
281,2010,Bodapati Sumanth,5,4,3,35,16,35.00,37,94.59,0,0,3,0
282,2010,Aditya Dole,3,2,0,34,30,17.00,22,154.54,0,0,3,1
283,2010,Venugopal Rao,6,5,1,34,24,8.50,43,79.06,0,0,3,1
284,2010,Daniel Vettori,3,3,2,33,19*,33.00,27,122.22,0,0,4,0
285,2010,Sanath Jayasuriya,4,4,0,33,23,8.25,31,106.45,0,0,4,1
286,2010,MF Maharoof,7,4,1,31,28,10.33,23,134.78,0,0,2,2
287,2010,Chaminda Vaas,6,5,1,30,16,7.50,34,88.23,0,0,1,1
288,2010,Ravichandran Ashwin,12,6,2,30,11*,7.50,40,75.00,0,0,2,0
289,2010,Rahul Sharma,6,4,1,29,14*,9.66,26,111.53,0,0,3,1
290,2010,Mohammad Kaif,4,3,0,28,14,9.33,30,93.33,0,0,2,0
291,2010,Mitchell Marsh,3,2,0,28,15,14.00,30,93.33,0,0,1,1
292,2010,Vinay Kumar,14,5,1,27,10*,6.75,32,84.37,0,0,1,0
293,2010,Shanthakumaran Sreesanth,6,3,3,27,15*,-,21,128.57,0,0,5,0
294,2010,S Sriram,1,1,0,27,27,27.00,29,93.10,0,0,3,0
295,2010,JM Kemp,5,2,0,26,22,13.00,24,108.33,0,0,1,1
296,2010,Rajat Bhatia,5,3,0,24,21,8.00,17,141.17,0,0,1,2
297,2010,Zaheer Khan,14,4,3,24,23*,24.00,13,184.61,0,0,3,1
298,2010,Ashish Nehra,4,2,1,23,22*,23.00,20,115.00,0,0,2,1
299,2010,Murali Kartik,10,2,0,22,21,11.00,22,100.00,0,0,2,0
300,2010,Dwayne Smith,3,3,1,22,13*,11.00,25,88.00,0,0,1,1
301,2011,Chris Gayle,12,12,3,608,107,67.55,332,183.13,2,3,57,44
302,2011,Virat Kohli,16,16,4,557,71,46.41,460,121.08,0,4,55,16
303,2011,Sachin Tendulkar,16,16,3,553,100*,42.53,488,113.31,1,2,67,5
304,2011,Shaun Marsh,14,13,1,504,95,42.00,344,146.51,0,4,52,20
305,2011,Michael Hussey,14,14,2,492,83*,41.00,414,118.84,0,4,53,6
306,2011,Paul Valthaty,14,14,1,463,120*,35.61,338,136.98,1,2,56,20
307,2011,Suresh Raina,16,16,2,438,73*,31.28,325,134.76,0,4,36,17
308,2011,Murali Vijay,16,16,0,434,95,27.12,339,128.02,0,3,34,20
309,2011,Virender Sehwag,11,11,0,424,119,38.54,240,176.66,1,2,51,18
310,2011,Jacques Kallis,15,14,2,424,80*,35.33,378,112.16,0,4,46,6
311,2011,Shikhar Dhawan,14,14,2,400,95*,33.33,310,129.03,0,2,47,7
312,2011,Subramaniam Badrinath,16,13,6,396,71*,56.57,313,126.51,0,5,38,9
313,2011,Ambati Rayudu,16,16,2,395,63*,28.21,350,112.85,0,4,44,9
314,2011,MS Dhoni,16,13,4,392,70*,43.55,247,158.70,0,2,25,23
315,2011,Adam Gilchrist,14,14,0,383,106,27.35,295,129.83,1,2,41,18
316,2011,Gautam Gambhir,15,15,4,378,75*,34.36,317,119.24,0,2,44,3
317,2011,Rohit Sharma,16,14,3,372,87,33.81,297,125.25,0,3,32,13
318,2011,Manoj Tiwary,15,14,7,359,61*,51.28,325,110.46,0,1,26,14
319,2011,Kumar Sangakkara,13,13,0,358,65,27.53,293,122.18,0,1,44,5
320,2011,Brendon McCullum,13,13,0,357,81,27.46,275,129.81,0,1,35,16
321,2011,Rahul Dravid,12,12,1,343,66,31.18,314,109.23,0,1,45,2
322,2011,Yuvraj Singh,14,13,3,343,66*,34.30,261,131.41,0,2,24,18
323,2011,Venugopal Rao,14,14,2,336,60,28.00,280,120.00,0,1,30,13
324,2011,Shane Watson,11,11,1,330,89*,33.00,253,130.43,0,1,31,17
325,2011,David Warner,13,13,0,324,77,24.92,276,117.39,0,3,34,11
326,2011,AB de Villiers,16,13,4,312,65,34.66,243,128.39,0,2,21,14
327,2011,Mahela Jayawardene,13,13,0,299,76,23.00,257,116.34,0,3,35,5
328,2011,Jesse Ryder,13,13,0,292,60,22.46,197,148.22,0,2,37,11
329,2011,Brad Hodge,14,14,6,285,51*,35.62,236,120.76,0,1,26,9
330,2011,Yusuf Pathan,15,11,1,283,47*,28.30,201,140.79,0,0,24,13
331,2011,Ravindra Jadeja,14,12,3,283,47,31.44,228,124.12,0,0,20,14
332,2011,Dinesh Karthik,14,13,2,282,69,25.63,220,128.18,0,1,32,7
333,2011,Robin Uthappa,14,13,3,264,45,26.40,209,126.31,0,0,27,10
334,2011,Sunny Sohal,11,10,0,249,62,24.90,191,130.36,0,2,25,10
335,2011,Manish Pandey,10,9,0,246,59,27.33,227,108.37,0,1,28,6
336,2011,Johan Botha,10,9,4,230,67*,46.00,198,116.16,0,1,20,2
337,2011,Tillakaratne Dilshan,10,10,2,226,59*,28.25,180,125.55,0,2,33,3
338,2011,Bharat Chipli,14,13,5,207,61*,25.87,170,121.76,0,1,21,4
339,2011,JP Duminy,10,10,0,205,55,20.50,174,117.81,0,1,9,8
340,2011,Parthiv Patel,14,13,3,202,37*,20.20,183,110.38,0,0,25,2
341,2011,James Hopes,10,8,3,196,55,39.20,158,124.05,0,2,22,3
342,2011,Dan Christian,14,13,2,190,30,17.27,159,119.49,0,0,9,7
343,2011,Saurabh Tiwary,16,13,5,187,42*,23.37,188,99.46,0,0,13,5
344,2011,Dwaraka Ravi Teja,12,9,2,183,60,26.14,144,127.08,0,1,17,4
345,2011,Ross Taylor,12,11,6,181,47*,36.20,152,119.07,0,0,11,7
346,2011,Ashok Menaria,13,10,1,180,34,20.00,152,118.42,0,0,10,10
347,2011,Naman Ojha,14,14,1,160,29,12.30,161,99.37,0,0,11,11
348,2011,Irfan Pathan,14,12,4,150,44*,18.75,138,108.69,0,0,12,6
349,2011,Kieron Pollard,16,13,3,146,28,14.60,133,109.77,0,0,12,6
350,2011,Mayank Agarwal,8,7,0,141,41,20.14,120,117.50,0,0,16,4
351,2011,Albie Morkel,15,13,7,138,30*,23.00,102,135.29,0,0,8,8
352,2011,Eoin Morgan,12,9,0,137,66,15.22,117,117.09,0,1,17,3
353,2011,Andrew Symonds,11,9,5,135,44*,33.75,138,97.82,0,0,9,3
354,2011,Ajinkya Rahane,10,7,1,120,52,20.00,98,122.44,0,1,12,2
355,2011,Aiden Blizzard,6,6,0,120,51,20.00,87,137.93,0,1,21,2
356,2011,Mithun Manhas,10,10,0,114,35,11.40,123,92.68,0,0,8,4
357,2011,Yogesh Nagar,11,10,3,111,23,15.85,100,111.00,0,0,6,6
358,2011,James Franklin,8,5,3,107,45*,53.50,78,137.17,0,0,10,2
359,2011,Ryan ten Doeschate,6,3,1,107,70*,53.50,73,146.57,0,1,9,5
360,2011,Cameron White,6,6,2,104,31*,26.00,109,95.41,0,0,6,2
361,2011,Harbhajan Singh,15,8,5,103,30,34.33,71,145.07,0,0,9,6
362,2011,Davy Jacobs,6,6,0,92,32,15.33,88,104.54,0,0,10,4
363,2011,Ryan McLaren,6,4,1,90,51*,30.00,96,93.75,0,1,7,1
364,2011,Srikkanth Anirudha,9,5,1,83,64,20.75,74,112.16,0,1,6,3
365,2011,Travis Birt,5,5,0,75,27,15.00,58,129.31,0,0,9,2
366,2011,Michael Klinger,4,4,0,73,29,18.25,77,94.80,0,0,9,0
367,2011,Manvinder Bisla,5,5,0,72,27,14.40,89,80.89,0,0,8,0
368,2011,Wriddhiman Saha,7,3,2,68,46*,68.00,63,107.93,0,0,2,4
369,2011,Amit Mishra,14,9,5,68,25*,17.00,49,138.77,0,0,9,1
370,2011,Mohnish Mishra,6,5,1,67,37*,16.75,60,111.66,0,0,5,2
371,2011,Tirumalasetti Suman,8,7,1,65,36,10.83,51,127.45,0,0,5,5
372,2011,David Hussey,8,8,2,64,21*,10.66,63,101.58,0,0,3,3
373,2011,Abhishek Nayar,10,9,2,61,17*,8.71,67,91.04,0,0,9,0
374,2011,Abhishek Raut,7,4,1,60,25,20.00,58,103.44,0,0,5,1
375,2011,Luke Pomersbach,5,4,0,51,29,12.75,39,130.76,0,0,4,2
376,2011,Mitchell Marsh,5,3,1,50,37,25.00,49,102.04,0,0,2,3
377,2011,Sourav Ganguly,4,3,1,50,32*,25.00,59,84.74,0,0,3,2
378,2011,Vinay Kumar,13,7,1,50,18,8.33,47,106.38,0,0,4,1
379,2011,Amit Paunikar,4,4,0,49,20,12.25,57,85.96,0,0,9,0
380,2011,Piyush Chawla,12,6,3,48,15,16.00,55,87.27,0,0,2,2
381,2011,Callum Ferguson,5,4,2,48,16,24.00,54,88.88,0,0,6,0
382,2011,Mandeep Singh,6,5,1,47,15*,11.75,41,114.63,0,0,4,1
383,2011,Aaron Finch,6,6,0,47,25,7.83,46,102.17,0,0,3,3
384,2011,Raiphi Gomez,11,8,3,46,26*,9.20,50,92.00,0,0,4,1
385,2011,VVS Laxman,3,3,0,44,36,14.66,42,104.76,0,0,3,2
386,2011,Sunny Singh,6,5,1,43,20,10.75,31,138.70,0,0,6,1
387,2011,Graeme Smith,4,4,0,42,24,10.50,51,82.35,0,0,6,0
388,2011,Mohammad Kaif,8,4,1,41,15,13.66,33,124.24,0,0,5,0
389,2011,Morne Morkel,11,5,3,40,16*,20.00,25,160.00,0,0,3,2
390,2011,Wayne Parnell,8,5,2,37,16,12.33,39,94.87,0,0,2,1
391,2011,Stuart Binny,6,2,1,37,30,37.00,31,119.35,0,0,2,1
392,2011,Dale Steyn,12,5,1,36,13,9.00,35,102.85,0,0,3,0
393,2011,Cheteshwar Pujara,7,3,0,34,25,11.33,31,109.67,0,0,4,0
394,2011,Asad Pathan,6,5,1,33,14,8.25,16,206.25,0,0,5,2
395,2011,Ryan Harris,13,7,2,31,17,6.20,39,79.48,0,0,3,0
396,2011,Shreevats Goswami,5,4,0,29,22,7.25,29,100.00,0,0,5,0
397,2011,Shakib Al Hasan,7,3,1,29,26,14.50,22,131.81,0,0,4,0
398,2011,Ishank Jaggi,2,2,0,28,25,14.00,37,75.67,0,0,3,0
399,2011,Praveen Kumar,13,7,4,27,15*,9.00,31,87.09,0,0,2,1
400,2011,Abhimanyu Mithun,12,6,3,27,11,9.00,20,135.00,0,0,3,1
401,2012,Chris Gayle,15,14,2,733,128*,61.08,456,160.74,1,7,46,59
402,2012,Gautam Gambhir,17,17,2,590,93,39.33,411,143.55,0,6,64,17
403,2012,Shikhar Dhawan,15,15,1,569,84,40.64,439,129.61,0,5,58,18
404,2012,Ajinkya Rahane,16,16,2,560,103*,40.00,433,129.33,1,3,73,10
405,2012,Virender Sehwag,16,16,1,495,87*,33.00,307,161.23,0,5,57,19
406,2012,Cameron White,13,13,2,479,78,43.54,320,149.68,0,5,41,20
407,2012,Rahul Dravid,16,16,0,462,58,28.87,412,112.13,0,2,63,4
408,2012,Suresh Raina,19,18,1,441,73,25.94,325,135.69,0,1,36,19
409,2012,Rohit Sharma,17,16,2,433,109*,30.92,342,126.60,1,3,39,18
410,2012,Mandeep Singh,16,16,0,432,75,27.00,342,126.31,0,2,53,7
411,2012,Jacques Kallis,17,17,1,409,79,25.56,384,106.51,0,2,34,10
412,2012,Robin Uthappa,16,16,1,405,69,27.00,343,118.07,0,2,38,10
413,2012,Faf du Plessis,13,12,0,398,73,33.16,304,130.92,0,3,29,17
414,2012,David Hussey,16,15,3,396,68*,33.00,305,129.83,0,2,28,17
415,2012,Dwayne Bravo,19,16,8,371,48,46.37,264,140.53,0,0,20,20
416,2012,Virat Kohli,16,15,2,364,73*,28.00,326,111.65,0,2,33,10
417,2012,Steve Smith,15,14,5,362,47*,40.22,267,135.58,0,0,24,14
418,2012,MS Dhoni,19,17,5,358,51*,29.83,278,128.77,0,1,26,9
419,2012,Owais Shah,13,13,4,340,76,37.77,256,132.81,0,3,24,16
420,2012,Murali Vijay,14,14,1,336,113,25.84,267,125.84,1,0,39,10
421,2012,Shaun Marsh,13,13,2,336,68*,30.54,280,120.00,0,2,39,7
422,2012,Mahela Jayawardene,16,15,3,335,56*,27.91,298,112.41,0,3,39,3
423,2012,Ambati Rayudu,17,15,6,333,81*,37.00,252,132.14,0,2,21,14
424,2012,Sachin Tendulkar,13,13,2,324,74,29.45,283,114.48,0,2,39,4
425,2012,AB de Villiers,16,13,5,319,64*,39.87,198,161.11,0,3,26,15
426,2012,Kevin Pietersen,8,8,3,305,103*,61.00,207,147.34,1,1,22,20
427,2012,Brendon McCullum,12,12,0,289,56,24.08,283,102.12,0,1,37,3
428,2012,Tillakaratne Dilshan,10,9,1,285,76*,35.62,261,109.19,0,3,33,5
429,2012,Sourav Ganguly,15,15,0,268,45,17.86,271,98.89,0,0,30,4
430,2012,Michael Hussey,8,8,0,261,56,32.62,236,110.59,0,2,28,8
431,2012,Manoj Tiwary,16,15,5,260,59,26.00,246,105.69,0,1,21,3
432,2012,Jesse Ryder,11,11,1,256,86,25.60,212,120.75,0,2,23,8
433,2012,David Warner,8,8,1,256,109*,36.57,156,164.10,1,1,28,14
434,2012,Naman Ojha,18,16,5,255,64*,23.18,224,113.83,0,1,21,13
435,2012,Shane Watson,7,7,1,255,90*,42.50,168,151.78,0,2,26,14
436,2012,Brad Hodge,12,12,4,245,48*,30.62,175,140.00,0,0,18,9
437,2012,JP Duminy,9,9,6,244,74,81.33,190,128.42,0,2,13,11
438,2012,Dinesh Karthik,17,14,1,238,44,18.30,213,111.73,0,0,30,2
439,2012,Mayank Agarwal,16,12,1,225,64*,20.45,158,142.40,0,1,19,15
440,2012,James Franklin,12,11,2,220,79,24.44,223,98.65,0,1,15,6
441,2012,Kieron Pollard,14,11,2,220,64,24.44,159,138.36,0,2,15,14
442,2012,Ashok Menaria,15,12,1,220,40,20.00,202,108.91,0,0,14,8
443,2012,Manvinder Bisla,7,7,0,213,89,30.42,160,133.12,0,1,16,10
444,2012,Kumar Sangakkara,12,12,1,200,82,18.18,184,108.69,0,1,21,4
445,2012,Ross Taylor,12,12,2,197,55,19.70,171,115.20,0,1,12,7
446,2012,Subramaniam Badrinath,15,9,2,196,57,28.00,181,108.28,0,1,23,2
447,2012,Yusuf Pathan,17,16,6,194,40*,19.40,169,114.79,0,0,10,7
448,2012,Parthiv Patel,14,13,2,194,45,17.63,165,117.57,0,0,19,4
449,2012,Ravindra Jadeja,19,14,2,191,48,15.91,151,126.49,0,0,13,9
450,2012,Saurabh Tiwary,15,11,3,191,36*,23.87,170,112.35,0,0,9,8
451,2012,Azhar Mahmood,11,10,2,186,36,23.25,142,130.98,0,0,16,8
452,2012,Irfan Pathan,17,12,5,176,42*,25.14,126,139.68,0,0,14,6
453,2012,Adam Gilchrist,7,7,2,172,64*,34.40,143,120.27,0,1,21,4
454,2012,Dwayne Smith,7,6,2,157,87*,39.25,98,160.20,0,1,18,7
455,2012,Yogesh Nagar,13,8,3,152,43*,30.40,133,114.28,0,0,13,3
456,2012,Dan Christian,7,7,2,145,39,29.00,118,122.88,0,0,8,6
457,2012,Manish Pandey,10,9,2,143,80*,20.42,112,127.67,0,1,12,6
458,2012,Nitin Saini,10,10,0,140,50,14.00,141,99.29,0,1,16,0
459,2012,Venugopal Rao,10,7,1,132,36,22.00,126,104.76,0,0,8,5
460,2012,Angelo Mathews,9,8,1,127,35,18.14,108,117.59,0,0,5,4
461,2012,Debabrata Das,15,10,7,126,35*,42.00,93,135.48,0,0,9,6
462,2012,Marlon Samuels,8,8,1,124,46,17.71,123,100.81,0,0,7,5
463,2012,Mithun Manhas,10,7,3,120,42*,30.00,96,125.00,0,0,10,4
464,2012,Daniel Harris,4,4,0,111,47,27.75,101,109.90,0,0,11,5
465,2012,Harbhajan Singh,17,11,2,108,33,12.00,80,135.00,0,0,14,3
466,2012,Albie Morkel,16,12,5,107,28,15.28,68,157.35,0,0,5,6
467,2012,Piyush Chawla,16,12,4,106,21*,13.25,88,120.45,0,0,9,4
468,2012,David Miller,6,6,3,98,34*,32.66,75,130.66,0,0,6,4
469,2012,Michael Clarke,6,6,0,98,41,16.33,93,105.37,0,0,12,0
470,2012,Shakib Al Hasan,8,7,1,91,42,15.16,74,122.97,0,0,6,3
471,2012,Stuart Binny,8,6,2,90,30,22.50,67,134.32,0,0,9,3
472,2012,Anustup Majumdar,4,4,0,87,31,21.75,76,114.47,0,0,7,2
473,2012,Gurkeerat Mann Singh,5,4,1,86,29*,28.66,52,165.38,0,0,12,2
474,2012,Richard Levi,6,6,0,83,50,13.83,73,113.69,0,1,10,4
475,2012,Herschelle Gibbs,3,3,1,81,66*,40.50,88,92.04,0,1,8,2
476,2012,Laxmi Ratan Shukla,11,8,2,75,26,12.50,57,131.57,0,0,4,5
477,2012,Akshath Reddy,5,3,0,73,42,24.33,59,123.72,0,0,6,2
478,2012,Bipul Sharma,5,4,1,72,35*,24.00,47,153.19,0,0,6,3
479,2012,Shreevats Goswami,11,6,1,69,24,13.80,67,102.98,0,0,4,1
480,2012,Vinay Kumar,15,7,2,68,25,13.60,62,109.67,0,0,3,2
481,2012,Siddharth Chitnis,6,4,1,66,38,22.00,62,106.45,0,0,7,1
482,2012,Johan Botha,11,7,3,58,14*,14.50,54,107.40,0,0,4,1
483,2012,Aaron Finch,2,2,0,55,30,27.50,51,107.84,0,0,8,0
484,2012,Lasith Malinga,14,6,0,55,17,9.16,53,103.77,0,0,4,3
485,2012,Callum Ferguson,4,4,0,50,23,12.50,63,79.36,0,0,3,0
486,2012,Andrew McDonald,4,3,1,47,30,23.50,35,134.28,0,0,6,2
487,2012,Andre Russell,4,2,0,47,31,23.50,26,180.76,0,0,3,3
488,2012,Abhishek Nayar,4,4,1,45,24,15.00,49,91.83,0,0,2,1
489,2012,Brett Lee,10,3,1,42,25,21.00,20,210.00,0,0,2,4
490,2012,Bhuvneshwar Kumar,11,9,6,40,11*,13.33,40,100.00,0,0,4,0
491,2012,Kevon Cooper,6,4,2,38,14,19.00,20,190.00,0,0,3,3
492,2012,Bharat Chipli,5,4,1,37,25*,12.33,35,105.71,0,0,3,2
493,2012,Pawan Negi,8,4,2,36,14,18.00,29,124.13,0,0,4,1
494,2012,Unmukt Chand,2,2,0,36,18,18.00,34,105.88,0,0,2,3
495,2012,Rajat Bhatia,17,6,3,35,12,11.66,28,125.00,0,0,4,0
496,2012,Praveen Kumar,16,7,4,35,10,11.66,30,116.66,0,0,2,1
497,2012,Ashish Reddy,9,6,2,35,10*,8.75,29,120.68,0,0,3,1
498,2012,Robin Peterson,5,5,2,32,16*,10.66,30,106.66,0,0,3,1
499,2012,Daniel Vettori,9,6,2,31,20,7.75,26,119.23,0,0,3,1
500,2012,Paul Valthaty,6,6,0,30,13,5.00,51,58.82,0,0,4,0
501,2013,Michael Hussey,17,17,3,733,95,52.35,566,129.50,0,6,81,17
502,2013,Chris Gayle,16,16,4,708,175*,59.00,453,156.29,1,4,57,51
503,2013,Virat Kohli,16,16,2,634,99,45.28,457,138.73,0,6,64,22
504,2013,Suresh Raina,18,17,4,548,100*,42.15,365,150.13,1,4,50,18
505,2013,Shane Watson,16,16,2,543,101,38.78,380,142.89,1,2,59,22
506,2013,Rohit Sharma,19,19,5,538,79*,38.42,409,131.54,0,4,35,28
507,2013,Dinesh Karthik,19,19,1,510,86,28.33,411,124.08,0,2,54,14
508,2013,Ajinkya Rahane,18,18,4,488,68*,34.85,458,106.55,0,4,42,11
509,2013,Rahul Dravid,18,17,1,471,65,29.43,425,110.82,0,4,64,5
510,2013,MS Dhoni,18,16,5,461,67*,41.90,283,162.89,0,4,32,25
511,2013,Aaron Finch,14,14,0,456,67,32.57,336,135.71,0,4,54,16
512,2013,Robin Uthappa,16,16,0,434,75,27.12,371,116.98,0,2,42,12
513,2013,Kieron Pollard,18,18,8,420,66*,42.00,281,149.46,0,3,27,29
514,2013,Dwayne Smith,13,13,0,418,68,32.15,341,122.58,0,4,40,19
515,2013,David Miller,12,12,5,418,101*,59.71,254,164.56,1,3,28,24
516,2013,David Warner,16,16,3,410,77,31.53,323,126.93,0,4,41,14
517,2013,Gautam Gambhir,16,16,0,406,60,25.37,343,118.36,0,4,51,5
518,2013,AB de Villiers,14,14,4,360,64,36.00,219,164.38,0,2,34,15
519,2013,Yusuf Pathan,16,16,5,332,72,30.18,240,138.33,0,1,30,14
520,2013,Mahela Jayawardene,15,15,0,331,66,22.06,313,105.75,0,2,39,6
521,2013,Murali Vijay,15,15,1,312,55,22.28,286,109.09,0,2,27,8
522,2013,Jacques Kallis,16,16,1,311,41,20.73,322,96.58,0,0,35,3
523,2013,Shikhar Dhawan,10,10,2,311,73*,38.87,253,122.92,0,3,37,5
524,2013,Eoin Morgan,14,13,2,307,51,27.90,240,127.91,0,1,28,13
525,2013,Shaun Marsh,8,8,0,300,77,37.50,249,120.48,0,3,39,4
526,2013,Virender Sehwag,13,13,1,295,95*,24.58,233,126.60,0,1,41,6
527,2013,Parthiv Patel,13,13,0,294,61,22.61,255,115.29,0,1,37,4
528,2013,Adam Gilchrist,13,13,1,294,85*,24.50,229,128.38,0,1,41,6
529,2013,Brad Hodge,17,14,7,293,54*,41.85,218,134.40,0,1,27,9
530,2013,Stuart Binny,17,16,7,293,41*,32.55,199,147.23,0,0,25,12
531,2013,Sachin Tendulkar,14,14,1,287,54,22.07,231,124.24,0,1,38,5
532,2013,Ambati Rayudu,19,17,3,265,37,18.92,231,114.71,0,0,22,4
533,2013,Mandeep Singh,16,14,1,260,77*,20.00,223,116.59,0,1,36,0
534,2013,Manvinder Bisla,14,14,1,255,92,19.61,236,108.05,0,2,36,6
535,2013,Hanuma Vihari,17,17,3,241,46,17.21,278,86.69,0,0,17,1
536,2013,Yuvraj Singh,13,13,1,238,34,19.83,190,125.26,0,0,14,15
537,2013,David Hussey,12,11,1,235,41,23.50,209,112.44,0,0,20,6
538,2013,Thisara Perera,16,14,4,233,40,23.30,163,142.94,0,0,12,14
539,2013,Cameron White,13,13,1,209,52,17.41,191,109.42,0,1,18,7
540,2013,Sanju Samson,11,10,2,206,63,25.75,178,115.73,0,1,19,5
541,2013,Ravindra Jadeja,18,14,6,201,38*,25.12,135,148.88,0,0,17,6
542,2013,Azhar Mahmood,11,10,0,196,80,19.60,154,127.27,0,2,22,5
543,2013,Ben Rohrer,8,8,2,193,64*,32.16,140,137.85,0,1,21,5
544,2013,Darren Sammy,10,9,3,174,60,29.00,132,131.81,0,1,11,10
545,2013,Angelo Mathews,11,10,3,172,40,24.57,139,123.74,0,0,5,10
546,2013,Moises Henriques,10,9,5,165,44,41.25,125,132.00,0,0,20,3
547,2013,Manan Vohra,12,10,2,161,43*,20.12,117,137.60,0,0,22,2
548,2013,Steve Smith,7,7,3,159,41,39.75,132,120.45,0,0,15,4
549,2013,Unmukt Chand,9,9,0,158,41,17.55,158,100.00,0,0,17,4
550,2013,Kedar Jadhav,12,10,3,152,31,21.71,124,122.58,0,0,8,5
551,2013,Manoj Tiwary,10,9,1,146,33,18.25,140,104.28,0,0,12,1
552,2013,Irfan Pathan,15,13,5,142,24,17.75,152,93.42,0,0,9,3
553,2013,Mitchell Marsh,9,8,1,140,38,20.00,106,132.07,0,0,6,10
554,2013,Manish Pandey,7,7,1,136,66,22.66,137,99.27,0,1,11,3
555,2013,Manpreet Juneja,7,7,0,125,49,17.85,128,97.65,0,0,11,1
556,2013,Ashish Reddy,12,10,4,125,36*,20.83,89,140.44,0,0,8,5
557,2013,Dishant Yagnik,12,9,1,125,34,15.62,96,130.20,0,0,17,2
558,2013,Subramaniam Badrinath,18,8,1,124,34,17.71,121,102.47,0,0,11,0
559,2013,Biplap Samantray,8,7,2,123,55,24.60,111,110.81,0,1,13,2
560,2013,Aditya Tare,5,5,0,123,59,24.60,84,146.42,0,1,14,5
561,2013,Dwayne Bravo,18,12,4,121,23*,15.12,106,114.15,0,0,11,3
562,2013,Kumar Sangakkara,9,9,0,120,28,13.33,136,88.23,0,0,13,0
563,2013,Harbhajan Singh,19,14,8,116,25*,19.33,79,146.83,0,0,12,5
564,2013,Rajagopal Sathish,9,8,3,109,27*,21.80,77,141.55,0,0,9,5
565,2013,Saurabh Tiwary,9,6,2,109,52,27.25,106,102.83,0,1,4,4
566,2013,Gurkeerat Mann Singh,11,9,1,108,31,13.50,95,113.68,0,0,10,3
567,2013,Luke Wright,6,6,1,106,44,21.20,60,176.66,0,0,16,3
568,2013,Rajat Bhatia,15,10,4,99,26*,16.50,80,123.75,0,0,8,3
569,2013,Cheteshwar Pujara,4,4,0,92,51,23.00,99,92.92,0,1,14,0
570,2013,Akshath Reddy,7,7,0,91,27,13.00,101,90.09,0,0,9,0
571,2013,Amit Mishra,17,8,2,89,30,14.83,96,92.70,0,0,9,0
572,2013,Karn Sharma,13,7,3,85,39*,21.25,86,98.83,0,0,6,2
573,2013,Ryan ten Doeschate,4,4,1,85,42,28.33,63,134.92,0,0,9,2
574,2013,Tillakaratne Dilshan,5,5,0,76,33,15.20,93,81.72,0,0,12,0
575,2013,Debabrata Das,10,6,1,75,23,15.00,74,101.35,0,0,5,5
576,2013,Vinay Kumar,16,5,4,70,26*,70.00,44,159.09,0,0,6,3
577,2013,Wriddhiman Saha,3,3,0,70,39,23.33,56,125.00,0,0,6,4
578,2013,Mayank Agarwal,5,5,0,67,29,13.40,62,108.06,0,0,6,3
579,2013,Abhishek Nayar,11,9,3,66,25*,11.00,73,90.41,0,0,5,0
580,2013,Piyush Chawla,16,11,5,64,23,10.66,57,112.28,0,0,5,3
581,2013,Ross Taylor,5,5,0,63,19,12.60,76,82.89,0,0,2,1
582,2013,Luke Pomersbach,3,3,1,58,33*,29.00,59,98.30,0,0,5,1
583,2013,Morne Morkel,10,6,1,57,23*,11.40,29,196.55,0,0,6,3
584,2013,James Faulkner,16,9,4,57,19*,11.40,57,100.00,0,0,5,2
585,2013,Dale Steyn,17,8,6,53,18*,26.50,36,147.22,0,0,5,2
586,2013,Ricky Ponting,6,5,0,52,28,10.40,75,69.33,0,0,3,1
587,2013,Bhuvneshwar Kumar,16,9,2,52,24*,7.42,71,73.23,0,0,3,1
588,2013,Tirumalasetti Suman,7,5,0,52,23,10.40,58,89.65,0,0,8,0
589,2013,Praveen Kumar,15,7,1,47,24,7.83,39,120.51,0,0,3,3
590,2013,Albie Morkel,8,3,0,46,23,15.33,37,124.32,0,0,2,3
591,2013,Manpreet Gony,8,5,1,45,42,11.25,25,180.00,0,0,4,3
592,2013,CM Gautam,3,3,1,44,30,22.00,34,129.41,0,0,4,1
593,2013,Johan Botha,6,6,0,43,23,7.16,52,82.69,0,0,5,1
594,2013,Arun Karthik,12,5,2,41,19*,13.66,38,107.89,0,0,3,1
595,2013,Mitchell Johnson,17,6,2,39,11,9.75,36,108.33,0,0,2,2
596,2013,Kevon Cooper,14,5,1,39,26,9.75,22,177.27,0,0,4,2
597,2013,Umesh Yadav,16,8,7,38,12*,38.00,38,100.00,0,0,3,1
598,2013,Ravi Rampaul,10,6,2,38,23*,9.50,37,102.70,0,0,3,1
599,2013,Glenn Maxwell,3,3,1,36,23,18.00,27,133.33,0,0,1,4
600,2013,Ravichandran Ashwin,18,5,1,35,11*,8.75,49,71.42,0,0,4,0
601,2014,Robin Uthappa,16,16,1,660,83*,44.00,479,137.78,0,5,74,18
602,2014,Dwayne Smith,16,16,0,566,79,35.37,416,136.05,0,5,50,34
603,2014,Glenn Maxwell,16,16,0,552,95,34.50,294,187.75,0,4,48,36
604,2014,David Warner,14,14,3,528,90,48.00,375,140.80,0,6,39,24
605,2014,Suresh Raina,16,16,3,523,87,40.23,358,146.08,0,5,51,19
606,2014,Virender Sehwag,17,17,0,455,122,26.76,315,144.44,1,1,56,18
607,2014,David Miller,16,16,6,446,66,44.60,299,149.16,0,3,34,21
608,2014,JP Duminy,14,14,6,410,67*,51.25,305,134.42,0,2,22,20
609,2014,Brendon McCullum,14,14,1,405,71*,31.15,333,121.62,0,3,32,19
610,2014,Manish Pandey,16,16,3,401,94,30.84,340,117.94,0,2,35,10
611,2014,AB de Villiers,14,13,2,395,89*,35.90,249,158.63,0,3,26,24
612,2014,Lendl Simmons,8,8,1,394,100*,56.28,291,135.39,1,3,43,14
613,2014,Rohit Sharma,15,15,2,390,59*,30.00,302,129.13,0,3,31,16
614,2014,Shikhar Dhawan,14,14,1,377,64*,29.00,319,118.18,0,2,49,7
615,2014,Yuvraj Singh,14,14,3,376,83,34.18,278,135.25,0,3,22,28
616,2014,MS Dhoni,16,15,10,371,57*,74.20,250,148.40,0,1,22,20
617,2014,Wriddhiman Saha,17,13,2,362,115*,32.90,249,145.38,1,2,33,18
618,2014,Ambati Rayudu,15,14,0,361,68,25.78,287,125.78,0,2,31,8
619,2014,Virat Kohli,14,14,1,359,73,27.61,294,122.10,0,2,23,16
620,2014,Sanju Samson,13,13,0,339,74,26.07,273,124.17,0,2,25,17
621,2014,Ajinkya Rahane,13,12,0,339,72,28.25,291,116.49,0,3,38,3
622,2014,Gautam Gambhir,16,16,1,335,69,22.33,293,114.33,0,3,36,4
623,2014,Karun Nair,11,11,1,330,73*,33.00,232,142.24,0,3,38,9
624,2014,Dinesh Karthik,14,14,0,325,69,23.21,258,125.96,0,3,28,11
625,2014,Manan Vohra,8,8,0,324,67,40.50,233,139.05,0,1,27,16
626,2014,Aaron Finch,13,13,2,309,88*,28.09,263,117.49,0,2,31,9
627,2014,Faf du Plessis,15,12,1,303,54*,27.54,235,128.93,0,2,26,7
628,2014,Kevin Pietersen,11,11,1,294,58,29.40,233,126.18,0,1,34,7
629,2014,Kieron Pollard,15,15,7,273,78,34.12,203,134.48,0,1,15,15
630,2014,Yusuf Pathan,15,12,3,268,72,29.77,165,162.42,0,1,15,20
631,2014,Corey Anderson,12,11,2,265,95*,29.44,181,146.40,0,1,21,15
632,2014,George Bailey,17,16,7,257,40*,28.55,190,135.26,0,0,19,10
633,2014,Shane Watson,13,13,1,240,51,20.00,196,122.44,0,2,19,14
634,2014,Naman Ojha,11,10,4,232,79*,38.66,161,144.09,0,1,14,17
635,2014,Shakib Al Hasan,13,11,4,227,60,32.42,152,149.34,0,1,22,7
636,2014,Michael Hussey,9,9,0,209,56,23.22,182,114.83,0,2,17,7
637,2014,Murali Vijay,11,11,0,207,52,18.81,192,107.81,0,1,20,5
638,2014,Parthiv Patel,12,12,2,205,57*,20.50,185,110.81,0,1,30,1
639,2014,Chris Gayle,9,9,0,196,46,21.77,184,106.52,0,0,18,12
640,2014,James Faulkner,13,12,8,181,41*,45.25,94,192.55,0,0,8,16
641,2014,KL Rahul,11,8,0,166,46,20.75,164,101.21,0,0,12,3
642,2014,Suryakumar Yadav,16,10,5,164,34,32.80,117,140.17,0,0,16,5
643,2014,Quinton de Kock,7,7,0,153,48,21.85,130,117.69,0,0,19,4
644,2014,Manoj Tiwary,8,8,3,152,61*,30.40,118,128.81,0,1,14,4
645,2014,Jacques Kallis,8,7,1,151,72,25.16,129,117.05,0,1,13,4
646,2014,Kedar Jadhav,10,10,5,149,37,29.80,101,147.52,0,0,13,7
647,2014,Steve Smith,10,7,3,147,48*,36.75,110,133.63,0,0,13,4
648,2014,Ravindra Jadeja,16,10,5,146,36*,29.20,110,132.72,0,0,9,5
649,2014,Aditya Tare,15,12,4,126,24,15.75,98,128.57,0,0,16,3
650,2014,Cheteshwar Pujara,6,6,1,125,40*,25.00,124,100.80,0,0,17,0
651,2014,Stuart Binny,13,12,2,123,48*,12.30,121,101.65,0,0,4,5
652,2014,CM Gautam,9,9,2,121,33,17.28,111,109.00,0,0,13,5
653,2014,David Hussey,5,4,2,116,50*,58.00,94,123.40,0,1,8,6
654,2014,Mayank Agarwal,8,8,0,115,31,14.37,91,126.37,0,0,12,3
655,2014,Darren Sammy,10,9,2,108,29,15.42,91,118.68,0,0,4,8
656,2014,Yogesh Takawale,5,5,0,104,45,20.80,91,114.28,0,0,17,1
657,2014,Brad Hodge,4,4,1,101,40,33.66,72,140.27,0,0,4,6
658,2014,Mitchell Starc,14,9,3,85,29,14.16,84,101.19,0,0,9,0
659,2014,Rishi Dhawan,13,6,4,82,23*,41.00,75,109.33,0,0,8,1
660,2014,Sachin Rana,9,7,4,73,19*,24.33,65,112.30,0,0,7,1
661,2014,Venugopal Rao,7,5,2,71,27,23.66,63,112.69,0,0,8,0
662,2014,Shaun Marsh,2,2,0,70,40,35.00,52,134.61,0,0,7,3
663,2014,Rajat Bhatia,12,7,2,67,23,13.40,53,126.41,0,0,4,3
664,2014,Axar Patel,17,8,2,62,42*,10.33,60,103.33,0,0,6,1
665,2014,Ross Taylor,4,4,1,59,43*,19.66,59,100.00,0,0,6,0
666,2014,Chris Lynn,2,2,0,58,45,29.00,49,118.36,0,0,5,3
667,2014,Mitchell Johnson,14,8,5,56,16*,18.66,50,112.00,0,0,4,3
668,2014,Irfan Pathan,10,6,4,55,23*,27.50,54,101.85,0,0,5,0
669,2014,Ryan ten Doeschate,10,7,3,52,25*,13.00,33,157.57,0,0,3,4
670,2014,Albie Morkel,7,5,2,45,16,15.00,41,109.75,0,0,1,3
671,2014,Ravichandran Ashwin,16,6,3,45,14,15.00,45,100.00,0,0,4,0
672,2014,Abhishek Nayar,5,4,1,43,23,14.33,47,91.48,0,0,5,1
673,2014,Jimmy Neesham,4,3,0,42,22,14.00,46,91.30,0,0,3,1
674,2014,Karn Sharma,14,8,4,42,17*,10.50,29,144.82,0,0,1,3
675,2014,Ben Dunk,3,3,0,40,20,13.33,35,114.28,0,0,7,0
676,2014,Rilee Rossouw,3,3,0,39,24,13.00,41,95.12,0,0,2,2
677,2014,Kevon Cooper,5,5,2,39,32,13.00,26,150.00,0,0,2,3
678,2014,Varun Aaron,10,3,3,35,17*,-,34,102.94,0,0,2,1
679,2014,Dhawal Kulkarni,8,2,2,35,28*,-,25,140.00,0,0,1,2
680,2014,Mithun Manhas,12,5,3,35,13*,17.50,23,152.17,0,0,3,1
681,2014,Ankit Sharma,3,2,0,34,30,17.00,30,113.33,0,0,4,1
682,2014,Piyush Chawla,11,5,2,31,17*,10.33,19,163.15,0,0,4,1
683,2014,Laxmi Ratan Shukla,5,3,0,31,21,10.33,38,81.57,0,0,2,1
684,2014,Vijay Zol,3,2,0,29,16,14.50,26,111.53,0,0,3,1
685,2014,Harbhajan Singh,14,7,2,28,10*,5.60,25,112.00,0,0,2,2
686,2014,Mandeep Singh,3,3,0,24,21,8.00,26,92.30,0,0,2,0
687,2014,Dale Steyn,14,4,1,22,12,7.33,26,84.61,0,0,1,0
688,2014,Rahul Shukla,3,3,2,18,14,18.00,21,85.71,0,0,2,0
689,2014,Nic Maddinson,2,2,0,16,12,8.00,14,114.28,0,0,3,0
690,2014,Rahul Tewatia,3,1,0,16,16,16.00,13,123.07,0,0,0,1
691,2014,Jason Holder,1,1,0,16,16,16.00,12,133.33,0,0,2,1
692,2014,Ravi Rampaul,2,1,0,13,13,13.00,13,100.00,0,0,0,1
693,2014,Harshal Patel,3,3,1,13,6,6.50,7,185.71,0,0,1,1
694,2014,Shreyas Gopal,4,1,0,11,11,11.00,10,110.00,0,0,1,0
695,2014,Sunil Narine,16,5,3,10,6,5.00,14,71.42,0,0,0,0
696,2014,Moises Henriques,4,2,0,9,9,4.50,14,64.28,0,0,1,0
697,2014,Zaheer Khan,6,4,3,8,7*,8.00,7,114.28,0,0,0,1
698,2014,Dwayne Bravo,1,1,1,8,8*,-,3,266.66,0,0,0,1
699,2014,Imran Tahir,6,2,0,8,4,4.00,10,80.00,0,0,2,0
700,2014,Ben Cutting,1,1,0,8,8,8.00,6,133.33,0,0,0,1
701,2015,David Warner,14,14,1,562,91,43.23,359,156.54,0,7,65,21
702,2015,Ajinkya Rahane,14,13,2,540,91*,49.09,413,130.75,0,4,53,13
703,2015,Lendl Simmons,13,13,1,540,71,45.00,441,122.44,0,6,56,21
704,2015,AB de Villiers,16,14,3,513,133*,46.63,293,175.08,1,2,60,22
705,2015,Virat Kohli,16,16,5,505,82*,45.90,386,130.82,0,3,35,23
706,2015,Chris Gayle,14,14,2,491,117,40.91,333,147.44,1,2,39,38
707,2015,Rohit Sharma,16,16,2,482,98*,34.42,333,144.74,0,3,41,21
708,2015,Shreyas Iyer,14,14,1,439,83,33.76,342,128.36,0,4,41,21
709,2015,Brendon McCullum,14,14,1,436,100*,33.53,280,155.71,1,2,51,23
710,2015,Kieron Pollard,16,14,3,419,70,38.09,256,163.67,0,2,28,28
711,2015,JP Duminy,14,13,3,414,78*,41.40,315,131.42,0,4,27,20
712,2015,Dwayne Smith,16,16,0,399,62,24.93,335,119.10,0,2,52,16
713,2015,Faf du Plessis,17,15,2,380,55,29.23,304,125.00,0,1,37,5
714,2015,Suresh Raina,17,17,2,374,62,24.93,304,123.02,0,2,31,16
715,2015,MS Dhoni,17,17,5,372,53,31.00,305,121.96,0,1,27,17
716,2015,Robin Uthappa,13,13,1,364,80*,30.33,277,131.40,0,1,42,7
717,2015,David Miller,13,13,2,357,89*,32.45,266,134.21,0,2,21,21
718,2015,Shikhar Dhawan,14,14,1,353,54,27.15,286,123.42,0,3,45,6
719,2015,Shane Watson,10,9,1,347,104*,43.37,257,135.01,1,1,37,14
720,2015,Parthiv Patel,14,14,1,339,59,26.07,246,137.80,0,2,47,5
721,2015,Gautam Gambhir,13,13,0,327,60,25.15,278,117.62,0,3,41,4
722,2015,Andre Russell,13,11,2,326,66,36.22,169,192.89,0,3,35,19
723,2015,Yusuf Pathan,13,12,5,312,52,44.57,231,135.06,0,1,29,12
724,2015,Steve Smith,14,12,1,293,79*,26.63,221,132.57,0,2,33,3
725,2015,Moises Henriques,9,9,2,287,74*,41.00,211,136.01,0,2,19,13
726,2015,Ambati Rayudu,15,14,5,281,53*,31.22,193,145.59,0,1,18,16
727,2015,George Bailey,13,13,2,259,61*,23.54,190,136.31,0,2,22,7
728,2015,Murali Vijay,11,11,0,251,39,22.81,228,110.08,0,0,27,8
729,2015,Wriddhiman Saha,14,13,0,249,42,19.15,197,126.39,0,0,16,10
730,2015,Yuvraj Singh,14,13,0,248,57,19.07,210,118.09,0,2,23,10
731,2015,Manish Pandey,13,12,1,225,40,20.45,184,122.28,0,0,22,7
732,2015,Mayank Agarwal,10,10,1,213,68,23.66,177,120.33,0,2,23,7
733,2015,Axar Patel,14,12,3,206,40*,22.88,174,118.39,0,0,13,8
734,2015,Sanju Samson,14,11,1,204,76,20.40,163,125.15,0,1,16,8
735,2015,Dwayne Bravo,17,14,5,195,62*,21.66,148,131.75,0,1,22,5
736,2015,Kedar Jadhav,14,12,4,189,63*,23.62,140,135.00,0,1,16,7
737,2015,Eoin Morgan,9,9,1,187,63,23.37,151,123.84,0,1,11,11
738,2015,Karun Nair,14,12,1,181,61,16.45,145,124.82,0,1,18,5
739,2015,Suryakumar Yadav,13,13,4,157,46*,17.44,113,138.93,0,0,12,8
740,2015,Mandeep Singh,14,9,2,157,54*,22.42,100,157.00,0,1,17,6
741,2015,Deepak Hooda,14,9,0,151,54,16.77,95,158.94,0,1,6,11
742,2015,Glenn Maxwell,11,11,0,145,43,13.18,112,129.46,0,0,13,8
743,2015,Ravi Bopara,9,8,3,145,41,29.00,120,120.83,0,0,6,6
744,2015,James Faulkner,13,11,3,144,46,18.00,109,132.11,0,0,12,5
745,2015,Angelo Mathews,11,10,3,144,28,20.57,104,138.46,0,0,12,6
746,2015,KL Rahul,9,8,3,142,44*,28.40,126,112.69,0,0,8,5
747,2015,Dinesh Karthik,16,11,0,141,28,12.81,117,120.51,0,0,15,4
748,2015,Naman Ojha,14,11,1,137,28,13.70,121,113.22,0,0,12,4
749,2015,Ravindra Jadeja,17,12,5,132,24,18.85,126,104.76,0,0,7,3
750,2015,David Wiese,14,7,3,122,47*,30.50,86,141.86,0,0,12,4
751,2015,Quinton de Kock,3,3,0,122,69,40.66,77,158.44,0,2,18,4
752,2015,Harbhajan Singh,15,10,3,117,64,16.71,73,160.27,0,1,9,9
753,2015,Pawan Negi,10,9,1,116,36,14.50,73,158.90,0,0,10,5
754,2015,Corey Anderson,4,4,1,114,55*,38.00,97,117.52,0,2,11,6
755,2015,Hardik Pandya,9,8,3,112,61*,22.40,62,180.64,0,1,9,8
756,2015,Sarfaraz Khan,13,8,4,111,45*,27.75,71,156.33,0,0,12,2
757,2015,Saurabh Tiwary,7,6,6,109,28*,-,78,139.74,0,0,9,5
758,2015,Karn Sharma,14,9,3,104,32,17.33,85,122.35,0,0,3,6
759,2015,Unmukt Chand,6,5,0,102,58,20.40,83,122.89,0,1,13,2
760,2015,Virender Sehwag,8,8,0,99,47,12.37,84,117.85,0,0,12,3
761,2015,Albie Morkel,4,3,2,86,73*,86.00,65,132.30,0,1,9,2
762,2015,Manan Vohra,7,7,0,82,39,11.71,81,101.23,0,0,4,5
763,2015,Shaun Marsh,4,4,0,81,65,20.25,58,139.65,0,1,7,3
764,2015,Michael Hussey,4,4,0,77,56,19.25,70,110.00,0,1,5,3
765,2015,Chris Morris,11,7,5,76,34*,38.00,46,165.21,0,0,3,5
766,2015,Stuart Binny,13,8,4,74,20,18.50,66,112.12,0,0,7,1
767,2015,Ashish Reddy,6,5,2,73,22*,24.33,46,158.69,0,0,3,5
768,2015,Ryan ten Doeschate,6,5,2,61,38*,20.33,45,135.55,0,0,4,3
769,2015,Manoj Tiwary,5,3,1,57,32,28.50,56,101.78,0,0,8,1
770,2015,Piyush Chawla,13,8,4,54,22,13.50,47,114.89,0,0,5,2
771,2015,Ravichandran Ashwin,14,6,3,52,23,17.33,32,162.50,0,0,6,1
772,2015,Jagadeesha Suchith,13,6,5,48,34*,48.00,32,150.00,0,0,4,2
773,2015,Hanuma Vihari,5,4,0,39,16,9.75,35,111.42,0,0,6,0
774,2015,Manvinder Bisla,2,2,0,37,20,18.50,30,123.33,0,0,6,1
775,2015,Shakib Al Hasan,4,3,0,36,23,12.00,27,133.33,0,0,5,0
776,2015,Rishi Dhawan,5,5,3,36,25*,18.00,33,109.09,0,0,2,2
777,2015,Gurkeerat Mann Singh,5,5,0,35,15,7.00,39,89.74,0,0,3,1
778,2015,Mitchell Johnson,9,8,4,31,13*,7.75,36,86.11,0,0,1,1
779,2015,Kane Williamson,2,2,1,31,26*,31.00,27,114.81,0,0,1,1
780,2015,Johan Botha,4,3,0,31,17,10.33,15,206.66,0,0,5,1
781,2015,Umesh Yadav,12,4,3,29,24*,29.00,14,207.14,0,0,5,1
782,2015,Mohit Sharma,16,6,3,28,21*,9.33,18,155.55,0,0,1,2
783,2015,Aaron Finch,3,3,1,23,10*,11.50,33,69.69,0,0,4,0
784,2015,Nathan Coulter-Nile,11,5,1,20,6,5.00,18,111.11,0,0,2,1
785,2015,Dale Steyn,6,3,2,20,19*,20.00,13,153.84,0,0,3,0
786,2015,Iqbal Abdulla,5,2,0,20,20,10.00,18,111.11,0,0,4,0
787,2015,Harshal Patel,15,7,2,19,9*,3.80,12,158.33,0,0,0,2
788,2015,Anureet Singh,14,6,3,18,10,6.00,31,58.06,0,0,0,1
789,2015,Bhuvneshwar Kumar,14,3,2,17,11*,17.00,10,170.00,0,0,2,1
790,2015,Praveen Kumar,12,4,1,17,12,5.66,25,68.00,0,0,1,0
791,2015,Sean Abbott,2,2,0,15,14,7.50,13,115.38,0,0,1,1
792,2015,Aditya Tare,2,2,0,14,7,7.00,17,82.35,0,0,1,0
793,2015,Rilee Rossouw,2,2,0,14,14,7.00,10,140.00,0,0,1,1
794,2015,Tim Southee,7,3,2,13,7*,13.00,9,144.44,0,0,1,0
795,2015,Darren Sammy,2,2,0,13,7,6.50,18,72.22,0,0,0,0
796,2015,Mitchell McClenaghan,12,3,2,13,12*,13.00,6,216.66,0,0,0,2
797,2015,Thisara Perera,2,2,0,12,9,6.00,15,80.00,0,0,0,1
798,2015,Karanveer Singh,4,3,2,11,5*,11.00,16,68.75,0,0,1,0
799,2015,Mitchell Starc,13,3,2,11,9*,11.00,14,78.57,0,0,1,0
800,2015,Abu Nechim,3,3,2,10,5*,10.00,5,200.00,0,0,2,0
801,2016,Virat Kohli,16,16,4,973,113,81.08,640,152.03,4,7,83,38
802,2016,David Warner,17,17,3,848,93*,60.57,560,151.42,0,9,88,31
803,2016,AB de Villiers,16,16,3,687,129*,52.84,407,168.79,1,6,57,37
804,2016,Gautam Gambhir,15,15,2,501,90*,38.53,411,121.89,0,5,54,6
805,2016,Shikhar Dhawan,17,17,4,501,82*,38.53,429,116.78,0,4,51,8
806,2016,Rohit Sharma,14,14,3,489,85*,44.45,368,132.88,0,5,49,16
807,2016,Ajinkya Rahane,14,14,3,480,74,43.63,379,126.64,0,6,54,9
808,2016,Murali Vijay,14,14,1,453,89,34.84,364,124.45,0,5,50,10
809,2016,Quinton de Kock,13,13,1,445,108,37.08,327,136.08,1,3,52,13
810,2016,Suresh Raina,15,15,1,399,75,28.50,312,127.88,0,3,39,10
811,2016,KL Rahul,14,12,3,397,68*,44.11,271,146.49,0,4,37,16
812,2016,Robin Uthappa,15,15,0,394,72,26.26,289,136.33,0,3,45,8
813,2016,Aaron Finch,13,12,2,393,74,39.30,299,131.43,0,5,45,11
814,2016,Yusuf Pathan,15,13,8,361,63*,72.20,248,145.56,0,3,33,13
815,2016,Karun Nair,14,12,2,357,83*,35.70,297,120.20,0,3,40,6
816,2016,Brendon McCullum,16,16,0,354,60,22.12,262,135.11,0,1,38,16
817,2016,Dinesh Karthik,16,15,2,335,53,25.76,266,125.93,0,3,38,3
818,2016,Ambati Rayudu,13,12,1,334,65,30.36,278,120.14,0,2,28,12
819,2016,Dwayne Smith,12,12,1,324,73,29.45,221,146.60,0,3,35,16
820,2016,Sanju Samson,14,14,3,291,60,26.45,259,112.35,0,1,20,8
821,2016,MS Dhoni,14,12,5,284,64*,40.57,210,135.23,0,1,18,14
822,2016,Steve Smith,8,7,1,270,101,45.00,176,153.40,1,0,27,8
823,2016,Wriddhiman Saha,12,12,1,270,56,24.54,212,127.35,0,2,29,1
824,2016,Jos Buttler,14,14,3,255,41,23.18,184,138.58,0,0,23,11
825,2016,Manish Pandey,12,11,3,248,52,31.00,183,135.51,0,2,17,9
826,2016,Krunal Pandya,12,9,3,237,86,39.50,124,191.12,0,1,22,13
827,2016,Yuvraj Singh,10,10,1,236,44,26.22,179,131.84,0,0,22,13
828,2016,Chris Gayle,10,10,0,227,76,22.70,150,151.33,0,2,17,21
829,2016,Kieron Pollard,13,12,4,207,51*,25.87,144,143.75,0,1,11,16
830,2016,Faf du Plessis,6,6,0,206,69,34.33,162,127.16,0,2,17,9
831,2016,Rishabh Pant,10,10,2,198,69,24.75,152,130.26,0,1,19,6
832,2016,Chris Morris,12,7,4,195,82*,65.00,109,178.89,0,1,15,12
833,2016,Ravindra Jadeja,15,15,6,191,36*,21.22,178,107.30,0,0,14,4
834,2016,JP Duminy,10,8,3,191,49*,38.20,156,122.43,0,0,13,3
835,2016,Andre Russell,12,8,1,188,39*,26.85,114,164.91,0,0,10,15
836,2016,Suryakumar Yadav,15,11,4,186,60,26.57,143,130.06,0,1,19,5
837,2016,Moises Henriques,17,15,3,182,31*,15.16,158,115.18,0,0,15,6
838,2016,Glenn Maxwell,11,11,2,179,68,19.88,124,144.35,0,2,14,8
839,2016,Shane Watson,16,15,2,179,36,13.76,134,133.58,0,0,14,12
840,2016,Parthiv Patel,10,10,0,177,81,17.70,152,116.44,0,1,23,4
841,2016,Saurabh Tiwary,10,7,0,170,57,24.28,141,120.56,0,2,17,4
842,2016,David Miller,14,13,3,161,31,16.10,131,122.90,0,0,11,4
843,2016,Manan Vohra,7,7,0,161,51,23.00,131,122.90,0,1,19,3
844,2016,Shaun Marsh,6,6,1,159,56*,31.80,134,118.65,0,1,13,4
845,2016,Hashim Amla,6,6,0,157,96,26.16,119,131.93,0,1,20,4
846,2016,Thisara Perera,12,10,3,150,34,21.42,93,161.29,0,0,7,11
847,2016,Marcus Stoinis,7,5,1,146,52,36.50,108,135.18,0,1,13,4
848,2016,Deepak Hooda,17,15,1,144,34,10.28,121,119.00,0,0,9,5
849,2016,Naman Ojha,17,13,3,136,37,13.60,138,98.55,0,0,7,5
850,2016,Usman Khawaja,6,6,0,127,30,21.16,100,127.00,0,0,14,3
851,2016,Kane Williamson,6,6,0,124,50,20.66,122,101.63,0,1,14,0
852,2016,Eoin Morgan,7,6,1,123,51,24.60,105,117.14,0,1,8,4
853,2016,Sachin Baby,11,6,1,119,33,23.80,79,150.63,0,0,9,5
854,2016,Shakib Al Hasan,10,7,2,114,66*,22.80,106,107.54,0,1,7,5
855,2016,Gurkeerat Mann Singh,7,6,1,113,51,22.60,86,131.39,0,1,11,3
856,2016,Axar Patel,14,10,3,111,36*,15.85,77,144.15,0,0,4,8
857,2016,Nitish Rana,4,3,0,104,70,34.66,75,138.66,0,1,7,8
858,2016,Dwayne Bravo,15,13,5,99,22*,12.37,82,120.73,0,0,11,1
859,2016,Harbhajan Singh,14,7,4,92,45*,30.66,84,109.52,0,0,11,2
860,2016,Sam Billings,5,4,0,88,54,22.00,64,137.50,0,1,4,4
861,2016,George Bailey,6,5,1,84,34,21.00,98,85.71,0,0,9,2
862,2016,Carlos Brathwaite,8,6,0,83,34,13.83,38,218.42,0,0,6,8
863,2016,James Faulkner,7,5,2,77,32,25.66,59,130.50,0,0,7,0
864,2016,Kevin Pietersen,4,4,2,73,37,36.50,61,119.67,0,0,4,3
865,2016,Sarfaraz Khan,5,4,2,66,35*,33.00,31,212.90,0,0,7,4
866,2016,Ben Cutting,4,4,2,65,39*,32.50,34,191.17,0,0,4,6
867,2016,Stuart Binny,14,6,3,63,21,21.00,39,161.53,0,0,5,4
868,2016,Pawan Negi,8,6,4,57,19*,28.50,59,96.61,0,0,2,3
869,2016,Martin Guptill,3,3,0,57,48,19.00,55,103.63,0,0,3,3
870,2016,Travis Head,3,3,1,54,37,27.00,40,135.00,0,0,3,2
871,2016,Bipul Sharma,7,4,2,51,27*,25.50,25,204.00,0,0,1,5
872,2016,Ashish Reddy,4,3,1,47,32,23.50,29,162.06,0,0,2,4
873,2016,Hardik Pandya,11,9,2,44,9,6.28,63,69.84,0,0,4,0
874,2016,Bhuvneshwar Kumar,17,8,2,43,21,7.16,27,159.25,0,0,6,1
875,2016,Ishan Kishan,5,5,0,42,27,8.40,41,102.43,0,0,5,0
876,2016,Kedar Jadhav,4,3,3,42,25*,-,32,131.25,0,0,2,2
877,2016,Ravichandran Ashwin,14,6,4,41,29,20.50,38,107.89,0,0,3,1
878,2016,Iqbal Abdulla,8,2,2,37,33*,-,27,137.03,0,0,4,1
879,2016,Karn Sharma,5,3,3,36,26*,-,30,120.00,0,0,3,1
880,2016,Rajat Bhatia,10,6,5,34,21,34.00,20,170.00,0,0,1,2
881,2016,Mitchell McClenaghan,14,5,2,34,20,11.33,23,147.82,0,0,2,3
882,2016,Mohit Sharma,14,6,2,32,15,8.00,26,123.07,0,0,3,1
883,2016,Shreyas Iyer,6,6,0,30,19,5.00,43,69.76,0,0,2,1
884,2016,Colin Munro,4,3,0,30,16,10.00,30,100.00,0,0,3,0
885,2016,Tim Southee,11,4,1,30,25,10.00,19,157.89,0,0,1,2
886,2016,Praveen Kumar,16,7,3,28,15,7.00,27,103.70,0,0,4,0
887,2016,Mayank Agarwal,3,3,0,27,10,9.00,25,108.00,0,0,3,1
888,2016,Piyush Chawla,12,3,0,27,11,9.00,26,103.84,0,0,4,0
889,2016,Chris Lynn,2,2,1,25,15,25.00,22,113.63,0,0,0,1
890,2016,Rajagopal Sathish,4,3,0,24,10,8.00,24,100.00,0,0,1,1
891,2016,Eklavya Dwivedi,4,2,0,24,19,12.00,14,171.42,0,0,2,2
892,2016,Dhawal Kulkarni,14,5,3,23,6*,11.50,15,153.33,0,0,2,0
893,2016,Nikhil Naik,2,2,0,23,22,11.50,31,74.19,0,0,1,0
894,2016,Jason Holder,4,4,0,22,13,5.50,19,115.78,0,0,2,1
895,2016,Akshdeep Nath,4,3,0,20,12,6.66,27,74.07,0,0,1,0
896,2016,Pradeep Sahu,5,2,1,19,18*,19.00,13,146.15,0,0,1,1
897,2016,Albie Morkel,2,1,0,16,16,16.00,9,177.77,0,0,0,2
898,2016,Rishi Dhawan,2,2,2,14,11*,-,6,233.33,0,0,0,1
899,2016,Farhaan Behardien,3,3,1,14,9*,7.00,13,107.69,0,0,2,0
900,2016,Vinay Kumar,3,2,1,13,12,13.00,12,108.33,0,0,0,1
901,2017,David Warner,14,14,3,641,126,58.27,452,141.81,1,4,63,26
902,2017,Gautam Gambhir,16,16,4,498,76*,41.50,389,128.02,0,4,61,7
903,2017,Shikhar Dhawan,14,14,1,479,77,36.84,376,127.39,0,3,53,9
904,2017,Steve Smith,15,15,3,472,84*,39.33,387,121.96,0,3,38,12
905,2017,Suresh Raina,14,14,3,442,84,40.18,307,143.97,0,3,42,13
906,2017,Hashim Amla,10,10,3,420,104*,60.00,288,145.83,2,2,40,17
907,2017,Manish Pandey,14,13,5,396,81*,49.50,308,128.57,0,2,28,12
908,2017,Parthiv Patel,16,16,0,395,70,24.68,293,134.81,0,2,49,8
909,2017,Rahul Tripathi,14,14,0,391,93,27.92,267,146.44,0,2,43,17
910,2017,Robin Uthappa,14,13,0,388,87,29.84,235,165.10,0,5,36,21
911,2017,Sanju Samson,14,14,0,386,102,27.57,273,141.39,1,2,32,19
912,2017,Kieron Pollard,17,16,3,385,70,29.61,276,139.49,0,3,26,22
913,2017,Ajinkya Rahane,16,16,1,382,60,25.46,323,118.26,0,2,35,9
914,2017,Rishabh Pant,14,14,0,366,97,26.14,221,165.61,0,2,28,24
915,2017,Dinesh Karthik,14,13,3,361,65,36.10,259,139.38,0,2,30,11
916,2017,Shreyas Iyer,12,12,2,338,96,33.80,243,139.09,0,2,36,10
917,2017,Rohit Sharma,17,16,2,333,67,23.78,273,121.97,0,3,31,9
918,2017,Nitish Rana,13,12,1,333,62*,30.27,264,126.13,0,3,24,17
919,2017,Manoj Tiwary,15,13,3,324,60,32.40,236,137.28,0,2,31,11
920,2017,Brendon McCullum,11,11,0,319,72,29.00,217,147.00,0,2,29,18
921,2017,Ben Stokes,12,11,1,316,103*,31.60,221,142.98,1,1,22,15
922,2017,Glenn Maxwell,14,13,3,310,47,31.00,179,173.18,0,0,19,26
923,2017,Virat Kohli,10,10,0,308,64,30.80,252,122.22,0,4,23,11
924,2017,Aaron Finch,13,13,1,299,72,24.91,180,166.11,0,2,25,19
925,2017,Chris Lynn,7,7,1,295,93*,49.16,163,180.98,0,3,25,19
926,2017,MS Dhoni,16,15,4,290,61*,26.36,250,116.00,0,1,15,16
927,2017,Karun Nair,14,13,0,281,64,21.61,226,124.33,0,1,39,6
928,2017,Moises Henriques,12,11,5,277,55*,46.16,203,136.45,0,3,28,4
929,2017,Ishan Kishan,11,10,0,277,61,27.70,206,134.46,0,1,29,13
930,2017,Jos Buttler,10,10,0,272,77,27.20,177,153.67,0,1,27,15
931,2017,Kedar Jadhav,13,13,1,267,69,22.25,186,143.54,0,1,25,10
932,2017,Shaun Marsh,9,8,0,264,84,33.00,194,136.08,0,2,36,5
933,2017,Kane Williamson,7,7,1,256,89,42.66,169,151.47,0,2,20,10
934,2017,Yuvraj Singh,12,11,2,252,70*,28.00,177,142.37,0,2,30,8
935,2017,Hardik Pandya,17,16,9,250,35*,35.71,160,156.25,0,0,11,20
936,2017,Krunal Pandya,13,11,4,243,47,34.71,179,135.75,0,0,24,7
937,2017,Dwayne Smith,12,12,1,239,74,21.72,156,153.20,0,2,32,8
938,2017,Wriddhiman Saha,14,11,1,234,93*,23.40,187,125.13,0,1,20,8
939,2017,Manan Vohra,11,9,0,229,95,25.44,159,144.02,0,1,23,9
940,2017,Axar Patel,14,13,5,227,44,28.37,162,140.12,0,0,11,11
941,2017,Sunil Narine,16,14,1,224,54,17.23,130,172.30,0,1,34,10
942,2017,AB de Villiers,9,9,1,216,89*,27.00,163,132.51,0,1,12,16
943,2017,Chris Gayle,9,9,0,200,77,22.22,163,122.69,0,1,15,14
944,2017,Mandeep Singh,11,10,0,188,52,18.80,177,106.21,0,1,21,4
945,2017,Ravindra Jadeja,12,10,6,158,28,39.50,113,139.82,0,0,13,4
946,2017,Chris Morris,9,9,4,154,52*,30.80,94,163.82,0,1,15,6
947,2017,Travis Head,7,7,2,151,75*,30.20,108,139.81,0,1,9,6
948,2017,Pawan Negi,12,10,2,144,35,18.00,111,129.72,0,0,10,7
949,2017,Yusuf Pathan,15,11,3,143,59,17.87,115,124.34,0,1,9,6
950,2017,Corey Anderson,11,11,4,142,41*,20.28,123,115.44,0,0,8,9
951,2017,Sam Billings,6,6,0,138,55,23.00,104,132.69,0,1,19,1
952,2017,Lendl Simmons,7,7,0,137,66,19.57,112,122.32,0,2,10,8
953,2017,Martin Guptill,7,7,1,132,50*,22.00,88,150.00,0,1,17,5
954,2017,Colin de Grandhomme,12,9,1,126,36,15.75,92,136.95,0,0,10,6
955,2017,Suryakumar Yadav,10,7,1,105,31,17.50,88,119.31,0,0,8,3
956,2017,Vijay Shankar,4,4,2,101,63*,50.50,75,134.66,0,1,12,1
957,2017,Ambati Rayudu,5,5,0,91,63,18.20,78,116.66,0,1,7,3
958,2017,David Miller,5,4,1,83,30*,27.66,80,103.75,0,0,4,4
959,2017,Dan Christian,13,9,4,79,17*,15.80,49,161.22,0,0,5,5
960,2017,Naman Ojha,14,5,1,79,34,19.75,65,121.53,0,0,2,3
961,2017,Deepak Hooda,10,6,3,78,19*,26.00,52,150.00,0,0,5,4
962,2017,Stuart Binny,8,7,2,78,18*,15.60,76,102.63,0,0,6,3
963,2017,Pat Cummins,12,9,4,77,24,15.40,53,145.28,0,0,5,4
964,2017,Shane Watson,8,7,1,71,24,11.83,78,91.02,0,0,6,1
965,2017,Eoin Morgan,4,4,0,65,26,16.25,62,104.83,0,0,6,2
966,2017,Jason Roy,3,3,1,59,31,29.50,40,147.50,0,0,9,1
967,2017,Kagiso Rabada,6,3,0,55,44,18.33,64,85.93,0,0,5,1
968,2017,James Faulkner,8,6,2,54,21,13.50,57,94.73,0,0,4,0
969,2017,Andrew Tye,6,3,1,53,25,26.50,30,176.66,0,0,4,3
970,2017,Saurabh Tiwary,1,1,0,52,52,52.00,43,120.93,0,1,9,0
971,2017,Ben Cutting,4,3,1,51,20,25.50,26,196.15,0,0,5,3
972,2017,Mohit Sharma,14,7,1,51,13,8.50,50,102.00,0,0,3,1
973,2017,Amit Mishra,14,6,5,49,13*,49.00,52,94.23,0,0,2,2
974,2017,Karn Sharma,9,6,0,49,19,8.16,41,119.51,0,0,5,2
975,2017,Chris Woakes,13,7,3,46,18,11.50,47,97.87,0,0,4,1
976,2017,Sheldon Jackson,4,3,1,38,16,19.00,31,122.58,0,0,5,0
977,2017,Mohammed Shami,8,6,2,36,21,9.00,24,150.00,0,0,4,2
978,2017,Ishank Jaggi,2,2,1,33,28,33.00,39,84.61,0,0,3,0
979,2017,Sreenath Arvind,10,8,4,32,9,8.00,40,80.00,0,0,2,0
980,2017,Angelo Mathews,3,2,0,32,31,16.00,27,118.51,0,0,2,1
981,2017,Bipul Sharma,7,3,2,31,21*,31.00,24,129.16,0,0,2,1
982,2017,Marlon Samuels,5,4,0,29,27,7.25,31,93.54,0,0,1,2
983,2017,Basil Thampi,12,5,5,28,13*,-,28,100.00,0,0,1,1
984,2017,Mayank Agarwal,3,3,0,26,20,8.66,27,96.29,0,0,3,0
985,2017,Aniket Choudhary,5,3,2,25,15*,25.00,20,125.00,0,0,1,1
986,2017,Ankit Sharma,1,1,0,25,25,25.00,15,166.66,0,0,2,1
987,2017,Kuldeep Yadav,12,2,0,20,16,10.00,22,90.90,0,0,2,0
988,2017,Mitchell Johnson,5,3,3,20,13*,-,17,117.64,0,0,1,1
989,2017,Vishnu Vinod,3,3,0,19,9,6.33,26,73.07,0,0,1,1
990,2017,Rahul Tewatia,3,2,1,19,15*,19.00,11,172.72,0,0,4,0
991,2017,Aditya Tare,3,3,0,18,18,6.00,23,78.26,0,0,3,0
992,2017,Marcus Stoinis,5,3,0,17,9,5.66,24,70.83,0,0,1,0
993,2017,Mitchell McClenaghan,14,7,3,16,12,4.00,15,106.66,0,0,0,1
994,2017,Rajat Bhatia,3,2,1,16,16,16.00,17,94.11,0,0,0,1
995,2017,Harbhajan Singh,11,7,5,16,7*,8.00,16,100.00,0,0,0,1
996,2017,Jasprit Bumrah,16,2,1,16,16*,16.00,12,133.33,0,0,0,1
997,2017,Sachin Baby,3,3,0,15,12,5.00,15,100.00,0,0,2,0
998,2017,Anureet Singh,1,1,0,15,15,15.00,12,125.00,0,0,2,0
999,2017,Deepak Chahar,3,1,0,14,14,14.00,6,233.33,0,0,0,2
1000,2017,Nathan Coulter-Nile,8,3,0,14,6,4.66,12,116.66,0,0,0,2
1001,2018,Kane Williamson,17,17,3,735,84,52.50,516,142.44,0,8,64,28
1002,2018,Rishabh Pant,14,14,1,684,128*,52.61,394,173.60,1,5,68,37
1003,2018,KL Rahul,14,14,2,659,95*,54.91,416,158.41,0,6,66,32
1004,2018,Ambati Rayudu,16,16,2,602,100*,43.00,402,149.75,1,3,53,34
1005,2018,Shane Watson,15,15,1,555,117*,39.64,359,154.59,2,2,44,35
1006,2018,Jos Buttler,13,13,3,548,95*,54.80,353,155.24,0,5,52,21
1007,2018,Virat Kohli,14,14,3,530,92*,48.18,381,139.10,0,4,52,18
1008,2018,Suryakumar Yadav,14,14,0,512,72,36.57,384,133.33,0,4,61,16
1009,2018,Dinesh Karthik,16,16,6,498,52,49.80,337,147.77,0,2,49,16
1010,2018,Shikhar Dhawan,16,16,3,497,92*,38.23,363,136.91,0,4,59,14
1011,2018,Chris Lynn,16,16,1,491,74,32.73,377,130.23,0,3,56,18
1012,2018,AB de Villiers,12,11,2,480,90*,53.33,275,174.54,0,6,39,30
1013,2018,MS Dhoni,16,15,9,455,79*,75.83,302,150.66,0,3,24,30
1014,2018,Suresh Raina,15,15,3,445,75*,37.08,336,132.44,0,4,46,12
1015,2018,Sanju Samson,15,15,1,441,92*,31.50,320,137.81,0,3,30,19
1016,2018,Shreyas Iyer,14,14,3,411,93*,37.36,310,132.58,0,4,29,21
1017,2018,Evin Lewis,13,13,0,382,65,29.38,276,138.40,0,2,32,24
1018,2018,Ajinkya Rahane,15,14,1,370,65*,28.46,313,118.21,0,1,39,5
1019,2018,Chris Gayle,11,11,2,368,104*,40.88,252,146.03,1,3,30,27
1020,2018,Sunil Narine,16,16,0,357,75,22.31,188,189.89,0,2,40,23
1021,2018,Robin Uthappa,16,16,0,351,54,21.93,265,132.45,0,1,30,21
1022,2018,Andre Russell,16,14,3,316,88*,28.72,171,184.79,0,1,17,31
1023,2018,Nitish Rana,15,15,2,304,59,23.38,232,131.03,0,1,26,14
1024,2018,Karun Nair,13,12,0,301,54,25.08,221,136.19,0,2,23,13
1025,2018,Rohit Sharma,14,14,2,286,94,23.83,215,133.02,0,2,25,12
1026,2018,Manish Pandey,15,13,2,284,62*,25.81,246,115.44,0,3,22,5
1027,2018,Ishan Kishan,14,12,0,275,62,22.91,184,149.45,0,2,22,17
1028,2018,Hardik Pandya,13,13,4,260,50,28.88,195,133.33,0,1,20,11
1029,2018,Yusuf Pathan,15,13,4,260,45*,28.88,200,130.00,0,0,22,11
1030,2018,Mandeep Singh,14,13,3,252,47*,25.20,186,135.48,0,0,16,11
1031,2018,Prithvi Shaw,9,9,0,245,65,27.22,160,153.12,0,2,27,10
1032,2018,Shakib Al Hasan,17,13,2,239,35,21.72,197,121.31,0,0,26,5
1033,2018,Krunal Pandya,14,13,3,228,41*,22.80,157,145.22,0,0,22,10
1034,2018,Rahul Tripathi,12,12,3,226,80*,25.11,167,135.32,0,1,18,8
1035,2018,Vijay Shankar,13,11,7,212,54*,53.00,148,143.24,0,1,11,11
1036,2018,Shubman Gill,13,11,5,203,57*,33.83,139,146.04,0,1,22,5
1037,2018,Quinton de Kock,8,8,0,201,53,25.12,162,124.07,0,1,20,8
1038,2018,Ben Stokes,13,13,1,196,45,16.33,161,121.73,0,0,13,6
1039,2018,Glenn Maxwell,12,12,0,169,47,14.08,120,140.83,0,0,14,9
1040,2018,Faf du Plessis,6,6,1,162,67*,32.40,129,125.58,0,1,17,6
1041,2018,Parthiv Patel,6,6,1,153,53,30.60,109,140.36,0,1,20,4
1042,2018,Alex Hales,6,6,0,148,45,24.66,118,125.42,0,0,13,6
1043,2018,Dwayne Bravo,16,10,6,141,68,35.25,91,154.94,0,1,8,10
1044,2018,Aaron Finch,10,9,1,134,46,16.75,100,134.00,0,0,6,8
1045,2018,Kieron Pollard,9,8,1,133,50,19.00,100,133.00,0,1,10,7
1046,2018,Colin de Grandhomme,9,8,3,131,40,26.20,84,155.95,0,0,4,10
1047,2018,Brendon McCullum,6,6,0,127,43,21.16,88,144.31,0,0,16,6
1048,2018,Krishnappa Gowtham,15,13,4,126,33*,14.00,64,196.87,0,0,9,9
1049,2018,Wriddhiman Saha,11,10,2,122,35,15.25,102,119.60,0,0,17,1
1050,2018,Mayank Agarwal,11,11,1,120,30,12.00,94,127.65,0,0,9,5
1051,2018,Jason Roy,5,5,1,120,91*,30.00,94,127.65,0,1,9,7
1052,2018,D'Arcy Short,7,7,0,115,44,16.42,99,116.16,0,0,11,5
1053,2018,Sam Billings,10,8,0,108,56,13.50,78,138.46,0,1,8,5
1054,2018,Ravichandran Ashwin,14,9,1,102,45,12.75,71,143.66,0,0,7,5
1055,2018,Marcus Stoinis,7,7,3,99,29*,24.75,76,130.26,0,0,6,4
1056,2018,Ben Cutting,9,6,2,96,37,24.00,58,165.51,0,0,5,8
1057,2018,Ravindra Jadeja,16,10,5,89,27*,17.80,74,120.27,0,0,3,4
1058,2018,Deepak Hooda,9,8,4,87,32*,21.75,81,107.40,0,0,2,3
1059,2018,Gautam Gambhir,6,5,0,85,55,17.00,88,96.59,0,1,8,1
1060,2018,Axar Patel,9,8,2,80,19,13.33,69,115.94,0,0,3,4
1061,2018,Moeen Ali,5,4,0,77,65,19.25,46,167.39,0,1,4,6
1062,2018,Carlos Brathwaite,4,4,1,75,43*,25.00,48,156.25,0,0,1,8
1063,2018,David Miller,3,3,1,74,26,37.00,64,115.62,0,0,3,2
1064,2018,Yuvraj Singh,8,6,0,65,20,10.83,73,89.04,0,0,6,2
1065,2018,Washington Sundar,7,6,3,65,35,21.66,38,171.05,0,0,5,4
1066,2018,Colin Munro,5,5,0,63,33,12.60,41,153.65,0,0,7,4
1067,2018,Abhishek Sharma,3,3,2,63,46*,63.00,33,190.90,0,0,3,5
1068,2018,Harshal Patel,5,2,1,60,36*,60.00,33,181.81,0,0,1,6
1069,2018,Rashid Khan,17,7,2,59,34*,11.80,31,190.32,0,0,3,6
1070,2018,Heinrich Klaasen,4,4,1,57,32,19.00,47,121.27,0,0,5,1
1071,2018,Manan Vohra,4,4,0,55,45,13.75,47,117.02,0,0,2,4
1072,2018,Tim Southee,8,4,2,52,36*,26.00,46,113.04,0,0,5,1
1073,2018,Shreevats Goswami,6,3,0,52,35,17.33,40,130.00,0,0,6,1
1074,2018,Sarfaraz Khan,7,6,1,51,22*,10.20,41,124.39,0,0,7,1
1075,2018,Deepak Chahar,12,4,1,50,39,16.66,29,172.41,0,0,1,4
1076,2018,Rahul Tewatia,8,5,2,50,24,16.66,43,116.27,0,0,5,1
1077,2018,Shreyas Gopal,11,4,1,50,24,16.66,45,111.11,0,0,5,0
1078,2018,Jaydev Unadkat,15,7,3,49,26,12.25,38,128.94,0,0,6,1
1079,2018,Manoj Tiwary,5,4,1,47,35,15.66,44,106.81,0,0,4,1
1080,2018,Chris Morris,4,4,3,46,27*,46.00,26,176.92,0,0,3,2
1081,2018,Stuart Binny,7,5,0,44,22,8.80,39,112.82,0,0,2,2
1082,2018,JP Duminy,6,4,3,36,23,36.00,40,90.00,0,0,3,1
1083,2018,Andrew Tye,14,8,2,32,14,5.33,38,84.21,0,0,2,1
1084,2018,Harbhajan Singh,13,3,0,29,19,9.66,36,80.55,0,0,3,1
1085,2018,Rinku Singh,4,4,0,29,16,7.25,31,93.54,0,0,4,0
1086,2018,Piyush Chawla,15,7,3,27,12,6.75,34,79.41,0,0,1,1
1087,2018,Dan Christian,4,3,1,26,13,13.00,33,78.78,0,0,0,1
1088,2018,Mohammed Siraj,11,4,2,25,14,12.50,22,113.63,0,0,2,1
1089,2018,Kedar Jadhav,1,1,1,24,24*,-,22,109.09,0,0,1,2
1090,2018,Tom Curran,5,4,1,23,18,7.66,28,82.14,0,0,3,0
1091,2018,Mayank Markande,14,6,4,21,7*,10.50,24,87.50,0,0,2,0
1092,2018,Mahipal Lomror,2,2,1,20,11,20.00,21,95.23,0,0,1,0
1093,2018,Mohammad Nabi,2,2,0,18,14,9.00,12,150.00,0,0,3,0
1094,2018,Chris Woakes,5,4,2,17,11,8.50,19,89.47,0,0,1,1
1095,2018,Corey Anderson,3,3,0,17,15,5.66,22,77.27,0,0,0,1
1096,2018,Mitchell Johnson,6,2,2,16,12*,-,11,145.45,0,0,2,0
1097,2018,Shardul Thakur,13,1,1,15,15*,-,5,300.00,0,0,3,0
1098,2018,Jofra Archer,10,8,3,15,8,3.00,21,71.42,0,0,2,0
1099,2018,Bhuvneshwar Kumar,12,4,2,13,7,6.50,16,81.25,0,0,1,0
1100,2018,Shivam Mavi,9,4,1,13,7,4.33,15,86.66,0,0,1,0
