id,year,PLAYER,Mat,Inns,Ov,Runs,Wkts,BBI,Avg,Econ,SR,4w,5w
1,2008,Sohail Tanvir,11,11,41.1,266,22,0,12.09,6.46,11.22,1,1
2,2008,Shane Warne,15,15,52,404,19,0,21.26,7.76,16.42,0,0
3,2008,Shanthakumaran Sreesanth,15,15,51.1,442,19,0,23.26,8.63,16.15,0,0
4,2008,Shane Watson,15,15,54.1,383,17,0,22.52,7.07,19.11,0,0
5,2008,Manpreet Gony,16,16,60,443,17,0,26.05,7.38,21.17,0,0
6,2008,Piyush Chawla,15,15,46.5,389,17,0,22.88,8.30,16.52,0,0
7,2008,Albie Morkel,13,13,48,399,17,0,23.47,8.31,16.94,1,0
8,2008,Yo Mahesh,11,11,42.1,370,16,0,23.12,8.77,15.81,1,0
9,2008,Irfan Pathan,14,14,53,350,15,0,23.33,6.60,21.20,0,0
10,2008,MF Maharoof,10,10,36,249,15,0,16.60,6.91,14.40,0,0
11,2008,RP Singh,14,14,51.2,442,15,0,29.46,8.61,20.53,0,0
12,2008,Munaf Patel,15,15,55,420,14,0,30.00,7.63,23.57,0,0
13,2008,Siddharth Trivedi,15,15,48,399,13,0,30.69,8.31,22.15,0,0
14,2008,Zaheer Khan,11,11,42,357,13,0,27.46,8.50,19.38,0,0
15,2008,Glenn McGrath,14,14,54,357,12,0,29.75,6.61,27.00,1,0
16,2008,Ashish Nehra,14,14,44.5,348,12,0,29.00,7.76,22.41,0,0
17,2008,Umar Gul,6,6,22.3,184,12,0,15.33,8.17,11.25,1,0
18,2008,Shaun Pollock,13,13,46,301,11,0,27.36,6.54,25.09,0,0
19,2008,Muttiah Muralitharan,15,15,58,404,11,0,36.72,6.96,31.63,0,0
20,2008,Amit Mishra,6,6,19.5,142,11,0,12.90,7.15,10.81,0,1
21,2008,Pragyan Ojha,13,12,37,284,11,0,25.81,7.67,20.18,0,0
22,2008,Dhawal Kulkarni,10,10,29.3,236,11,0,21.45,8.00,16.09,0,0
23,2008,Dwayne Bravo,9,9,28.3,232,11,0,21.09,8.14,15.54,0,0
24,2008,Praveen Kumar,13,13,44.4,366,11,0,33.27,8.19,24.36,0,0
25,2008,Lakshmipathy Balaji,9,9,33,286,11,0,26.00,8.66,18.00,0,1
26,2008,VRV Singh,13,13,48,420,11,0,38.18,8.75,26.18,0,0
27,2008,Dale Steyn,10,10,38,252,10,0,25.20,6.63,22.80,0,0
28,2008,Dilhara Fernando,5,5,20,160,10,0,16.00,8.00,12.00,1,0
29,2008,Shahid Afridi,10,10,30,225,9,0,25.00,7.50,20.00,0,0
30,2008,Ashok Dinda,13,12,38,258,8,0,32.25,6.78,28.50,0,0
31,2008,Ishant Sharma,13,13,43.1,331,8,0,41.37,7.66,32.37,0,0
32,2008,Ajit Agarkar,9,9,26,207,8,0,25.87,7.96,19.50,0,0
33,2008,Yusuf Pathan,16,13,28.1,230,8,0,28.75,8.16,21.12,0,0
34,2008,Mohammad Asif,8,8,32,296,8,0,37.00,9.25,24.00,0,0
35,2008,Joginder Sharma,8,7,24.4,239,8,0,29.87,9.68,18.50,0,0
36,2008,Makhaya Ntini,9,9,35,242,7,0,34.57,6.91,30.00,1,0
37,2008,Anil Kumble,10,10,38.2,304,7,0,43.42,7.93,32.85,0,0
38,2008,James Hopes,11,11,28,276,7,0,39.42,9.85,24.00,0,0
39,2008,P Amarnath,6,6,22,236,7,0,33.71,10.72,18.85,0,0
40,2008,Sourav Ganguly,13,7,20,128,6,0,21.33,6.40,20.00,0,0
41,2008,Rajat Bhatia,9,9,22,183,6,0,30.50,8.31,22.00,0,0
42,2008,Laxmi Ratan Shukla,13,9,12,124,6,0,20.66,10.33,12.00,0,0
43,2008,Dwayne Smith,4,4,11,83,5,0,16.60,7.54,13.20,0,0
44,2008,Shoaib Akhtar,3,3,7,54,5,0,10.80,7.71,8.40,1,0
45,2008,Vinay Kumar,8,8,23,182,5,0,36.40,7.91,27.60,0,0
46,2008,Harbhajan Singh,3,3,10,82,5,0,16.40,8.20,12.00,0,0
47,2008,RR Raje,6,6,16.2,137,5,0,27.40,8.38,19.60,0,0
48,2008,Chaminda Vaas,5,5,17,145,5,0,29.00,8.52,20.40,0,0
49,2008,Pradeep Sangwan,7,7,24,215,5,0,43.00,8.95,28.80,0,0
50,2008,Brett Lee,4,4,16,112,4,0,28.00,7.00,24.00,0,0
51,2008,Sanath Jayasuriya,14,8,21,159,4,0,39.75,7.57,31.50,0,0
52,2008,DP Vijaykumar,9,9,25.2,199,4,0,49.75,7.85,38.00,0,0
53,2008,SB Bangar,11,9,25,219,4,0,54.75,8.76,37.50,0,0
54,2008,Jacques Kallis,11,11,34.2,311,4,0,77.75,9.05,51.50,0,0
55,2008,Dominic Thornely,6,4,7,40,3,0,13.33,5.71,14.00,0,0
56,2008,Scott Styris,8,8,27,199,3,0,66.33,7.37,54.00,0,0
57,2008,Ramesh Powar,5,5,12,91,3,0,30.33,7.58,24.00,0,0
58,2008,Murali Kartik,6,5,14.4,127,3,0,42.33,8.65,29.33,0,0
59,2008,Yuvraj Singh,15,6,9,83,3,0,27.66,9.22,18.00,0,0
60,2008,Jacob Oram,4,4,16,149,3,0,49.66,9.31,32.00,0,0
61,2008,Gajendra Singh,4,4,14,141,3,0,47.00,10.07,28.00,0,0
62,2008,Virender Sehwag,14,7,11,133,3,0,44.33,12.09,22.00,0,0
63,2008,Daniel Vettori,2,2,8,54,2,0,27.00,6.75,24.00,0,0
64,2008,Dimitri Mascarenhas,1,1,4,29,2,0,14.50,7.25,12.00,0,0
65,2008,Balachandra Akhil,7,6,17.2,134,2,0,67.00,7.73,52.00,0,0
66,2008,Virat Kohli,13,4,7.4,61,2,0,30.50,7.95,23.00,0,0
67,2008,DNT Zoysa,3,3,11,99,2,0,49.50,9.00,33.00,0,0
68,2008,Venugopal Rao,11,7,14,137,2,0,68.50,9.78,42.00,0,0
69,2008,David Hussey,13,5,13,130,2,0,65.00,10.00,39.00,0,0
70,2008,Shoaib Malik,7,5,8.3,85,2,0,42.50,10.00,25.50,0,0
71,2008,Siddharth Chitnis,3,2,6,60,2,0,30.00,10.00,18.00,0,0
72,2008,MA Khote,4,2,5,51,2,0,25.50,10.20,15.00,0,0
73,2008,D Kalyankrishna,3,3,8,87,2,0,43.50,10.87,24.00,0,0
74,2008,Tillakaratne Dilshan,7,1,1,3,1,0,3.00,3.00,6.00,0,0
75,2008,Mohammad Hafeez,8,2,5,24,1,0,24.00,4.80,30.00,0,0
76,2008,Ajantha Mendis,1,1,4,24,1,0,24.00,6.00,24.00,0,0
77,2008,Rohit Sharma,13,1,4,25,1,0,25.00,6.25,24.00,0,0
78,2008,PM Sarvesh Kumar,2,2,5,42,1,0,42.00,8.40,30.00,0,0
79,2008,SB Joshi,4,4,9.1,82,1,0,82.00,8.94,55.00,0,0
80,2008,Suresh Raina,16,2,3.2,30,1,0,30.00,9.00,20.00,0,0
81,2008,Dwaraka Ravi Teja,7,1,2,19,1,0,19.00,9.50,12.00,0,0
82,2008,Abhishek Nayar,14,5,7,68,1,0,68.00,9.71,42.00,0,0
83,2008,Dinesh Salunkhe,6,5,7.5,78,1,0,78.00,9.95,47.00,0,0
84,2008,Ashley Noffke,1,1,4,40,1,0,40.00,10.00,24.00,0,0
85,2008,Andre Nel,1,1,3,31,1,0,31.00,10.33,18.00,0,0
86,2008,S Vidyut,9,1,2,22,1,0,22.00,11.00,12.00,0,0
87,2008,Brett Geeves,2,2,8,91,1,0,91.00,11.37,48.00,0,0
88,2008,WA Mota,4,2,3,36,1,0,36.00,12.00,18.00,0,0
89,2008,Iqbal Abdulla,1,1,3,22,0,0,-,7.33,-,0,0
90,2008,Ravindra Jadeja,14,2,2.1,21,0,0,-,9.69,-,0,0
91,2008,Pankaj Singh,5,5,12,129,0,0,-,10.75,-,0,0
92,2008,VS Yeligati,2,2,5,59,0,0,-,11.80,-,0,0
93,2008,K Goel,7,1,2,25,0,0,-,12.50,-,0,0
94,2008,Abdur Razzak,1,1,2,29,0,0,-,14.50,-,0,0
95,2008,Andrew Symonds,4,3,6.5,101,0,0,-,14.78,-,0,0
96,2008,Chamara Kapugedera,5,3,2.5,49,0,0,-,17.29,-,0,0
97,2008,LPC Silva,3,1,1,21,0,0,-,21.00,-,0,0
98,2008,Cameron White,8,1,1,24,0,0,-,24.00,-,0,0
99,2009,RP Singh,16,16,59.4,417,23,0,18.13,6.98,15.56,1,0
100,2009,Anil Kumble,16,16,59.1,347,21,0,16.52,5.86,16.90,1,1
101,2009,Lasith Malinga,13,13,49.3,312,18,0,17.33,6.30,16.50,0,0
102,2009,Pragyan Ojha,15,15,53.3,348,18,0,19.33,6.50,17.83,0,0
103,2009,Irfan Pathan,14,14,50.2,390,17,0,22.94,7.74,17.76,0,0
104,2009,Munaf Patel,11,11,34.5,241,16,0,15.06,6.91,13.06,0,0
105,2009,Muttiah Muralitharan,13,13,50,261,14,0,18.64,5.22,21.42,0,0
106,2009,Amit Mishra,11,11,42.1,294,14,0,21.00,6.97,18.07,0,0
107,2009,Shane Warne,13,13,50,365,14,0,26.07,7.30,21.42,0,0
108,2009,YA Abdulla,9,9,28,241,14,0,17.21,8.60,12.00,2,0
109,2009,Shadab Jakati,9,8,29,217,13,0,16.69,7.48,13.38,2,0
110,2009,Praveen Kumar,13,13,49.4,394,13,0,30.30,7.93,22.92,0,0
111,2009,Albie Morkel,12,12,40,324,13,0,24.92,8.10,18.46,0,0
112,2009,Lakshmipathy Balaji,13,13,37.2,316,13,0,24.30,8.46,17.23,1,0
113,2009,Harbhajan Singh,13,13,44,256,12,0,21.33,5.81,22.00,1,0
114,2009,Piyush Chawla,14,14,44.5,308,12,0,25.66,6.86,22.41,0,0
115,2009,Ishant Sharma,11,11,43,297,11,0,27.00,6.90,23.45,0,0
116,2009,Ishant Sharma,11,11,43,297,11,0,27.00,6.90,23.45,0,0
117,2009,Rohit Sharma,16,12,23,161,11,0,14.63,7.00,12.54,1,0
118,2009,Dwayne Bravo,11,11,33.1,259,11,0,23.54,7.80,18.09,0,0
119,2009,Amit Singh,5,5,17.3,95,9,0,10.55,5.42,11.66,1,0
120,2009,Roelof van der Merwe,10,10,34,248,9,0,27.55,7.29,22.66,0,0
121,2009,Vinay Kumar,11,11,32.2,271,9,0,30.11,8.38,21.55,0,0
122,2009,Suresh Raina,14,10,27.4,164,7,0,23.42,5.92,23.71,0,0
123,2009,Andrew Symonds,8,8,24,160,7,0,22.85,6.66,20.57,0,0
124,2009,Yusuf Pathan,13,11,35,243,7,0,34.71,6.94,30.00,0,0
125,2009,Brad Hodge,12,9,20,161,7,0,23.00,8.05,17.14,0,0
126,2009,Sanath Jayasuriya,12,9,19,163,7,0,23.28,8.57,16.28,0,0
127,2009,Ravindra Jadeja,13,10,23.2,151,6,0,25.16,6.47,23.33,0,0
128,2009,Zaheer Khan,6,6,21,142,6,0,23.66,6.76,21.00,0,0
129,2009,Dimitri Mascarenhas,5,5,19.2,132,6,0,22.00,6.82,19.33,0,0
130,2009,Kamran Khan,5,5,17.4,124,6,0,20.66,7.01,17.66,0,0
131,2009,Yuvraj Singh,14,9,20,142,6,0,23.66,7.10,20.00,0,0
132,2009,Ryan Harris,8,8,31,230,6,0,38.33,7.41,31.00,0,0
133,2009,Siddharth Trivedi,7,7,20,152,6,0,25.33,7.60,20.00,0,0
134,2009,Jacques Kallis,15,14,46,353,6,0,58.83,7.67,46.00,0,0
135,2009,Shanthakumaran Sreesanth,7,7,23,192,6,0,32.00,8.34,23.00,0,0
136,2009,Ajit Agarkar,11,11,31,284,6,0,47.33,9.16,31.00,0,0
137,2009,Brett Lee,5,5,20,111,5,0,22.20,5.55,24.00,0,0
138,2009,Ramesh Powar,9,8,21,132,5,0,26.40,6.28,25.20,0,0
139,2009,Sudeep Tyagi,8,8,19,136,5,0,27.20,7.15,22.80,0,0
140,2009,Tirumalasetti Suman,12,5,15,108,5,0,21.60,7.20,18.00,0,0
141,2009,Dhawal Kulkarni,8,8,26,206,5,0,41.20,7.92,31.20,0,0
142,2009,Scott Styris,2,2,8,64,5,0,12.80,8.00,9.60,0,0
143,2009,Jacob Oram,11,7,15.3,133,5,0,26.60,8.58,18.60,0,0
144,2009,Shoaib Ahmed,7,7,17,152,5,0,30.40,8.94,20.40,0,0
145,2009,Manpreet Gony,7,7,17,172,5,0,34.40,10.11,20.40,0,0
146,2009,JP Duminy,13,6,17.3,93,4,0,23.25,5.31,26.25,0,0
147,2009,Murali Kartik,10,10,34,201,4,0,50.25,5.91,51.00,0,0
148,2009,Kevin Pietersen,6,4,13,85,4,0,21.25,6.53,19.50,0,0
149,2009,Abhishek Nayar,13,4,12,84,4,0,21.00,7.00,18.00,0,0
150,2009,Balachandra Akhil,6,5,11,80,4,0,20.00,7.27,16.50,0,0
151,2009,D du Preez,2,2,7,56,4,0,14.00,8.00,10.50,0,0
152,2009,Ashok Dinda,9,8,24,193,4,0,48.25,8.04,36.00,0,0
153,2009,Venugopal Rao,16,6,15,122,4,0,30.50,8.13,22.50,0,0
154,2009,Chaminda Vaas,2,2,8,71,4,0,17.75,8.87,12.00,0,0
155,2009,Charl Langeveldt,1,1,4,15,3,0,5.00,3.75,8.00,0,0
156,2009,Johan Botha,3,3,12,74,3,0,24.66,6.16,24.00,0,0
157,2009,Jesse Ryder,5,5,17,115,3,0,38.33,6.76,34.00,0,0
158,2009,WA Mota,8,5,9,61,3,0,20.33,6.77,18.00,0,0
159,2009,Laxmi Ratan Shukla,9,5,14,100,3,0,33.33,7.14,28.00,0,0
160,2009,SM Harwood,3,3,10,73,3,0,24.33,7.30,20.00,0,0
161,2009,Ajantha Mendis,4,4,16,117,3,0,39.00,7.31,32.00,0,0
162,2009,T Thushara,2,2,8,60,3,0,20.00,7.50,16.00,0,0
163,2009,Harmeet Singh Bansal,7,7,22.5,192,3,0,64.00,8.40,45.66,0,0
164,2009,Ravichandran Ashwin,2,1,4,13,2,0,6.50,3.25,12.00,0,0
165,2009,Dale Steyn,3,3,9,62,2,0,31.00,6.88,27.00,0,0
166,2009,C Nanda,3,3,8,57,2,0,28.50,7.12,24.00,0,0
167,2009,KP Appanna,5,5,12,87,2,0,43.50,7.25,36.00,0,0
168,2009,Sourav Ganguly,13,6,12,97,2,0,48.50,8.08,36.00,0,0
169,2009,Joginder Sharma,4,4,7,57,2,0,28.50,8.14,21.00,0,0
170,2009,Vikramjeet Malik,5,5,12,98,2,0,49.00,8.16,36.00,0,0
171,2009,Moises Henriques,4,4,12.1,107,2,0,53.50,8.79,36.50,0,0
172,2009,Pankaj Singh,3,3,7,65,2,0,32.50,9.28,21.00,0,0
173,2009,Anureet Singh,3,2,5,47,2,0,23.50,9.40,15.00,0,0
174,2009,Andrew Flintoff,3,3,11,105,2,0,52.50,9.54,33.00,0,0
175,2009,Ajinkya Rahane,8,1,1,5,1,0,5.00,5.00,6.00,0,0
176,2009,LA Carseldine,5,1,1,6,1,0,6.00,6.00,6.00,0,0
177,2009,T Henderson,2,2,6,40,1,0,40.00,6.66,36.00,0,0
178,2009,GR Napier,1,1,4,27,1,0,27.00,6.75,24.00,0,0
179,2009,Chris Gayle,7,7,18.5,144,1,0,144.00,7.64,113.00,0,0
180,2009,Dwayne Smith,8,8,14,124,1,0,124.00,8.85,84.00,0,0
181,2009,VRV Singh,5,4,9,82,1,0,82.00,9.11,54.00,0,0
182,2009,RR Raje,4,4,6.5,72,1,0,72.00,10.53,41.00,0,0
183,2009,Ravi Bopara,5,2,1.2,5,0,0,-,3.75,-,0,0
184,2009,Morne Morkel,2,2,7,40,0,0,-,5.71,-,0,0
185,2009,K Goel,9,4,8,61,0,0,-,7.62,-,0,0
186,2009,Virat Kohli,16,3,6,46,0,0,-,7.66,-,0,0
187,2009,David Hussey,4,3,4,34,0,0,-,8.50,-,0,0
188,2009,Abhishek Raut,9,4,4,36,0,0,-,9.00,-,0,0
189,2009,Sachin Tendulkar,13,4,6,58,0,0,-,9.66,-,0,0
190,2009,Abhimanyu Mithun,1,1,4,42,0,0,-,10.50,-,0,0
191,2009,Jaskaran Singh,2,1,3,32,0,0,-,10.66,-,0,0
192,2009,RA Shaikh,1,1,1,11,0,0,-,11.00,-,0,0
193,2009,RR Bose,1,1,2,24,0,0,-,12.00,-,0,0
194,2009,Ross Taylor,11,1,1,13,0,0,-,13.00,-,0,0
195,2009,Angelo Mathews,1,1,2.2,31,0,0,-,13.28,-,0,0
196,2009,Mashrafe Mortaza,1,1,4,58,0,0,-,14.50,-,0,0
197,2010,Pragyan Ojha,16,16,58.5,429,21,0,20.42,7.29,16.80,0,0
198,2010,Anil Kumble,16,16,63.2,407,17,0,23.94,6.42,22.35,1,0
199,2010,Amit Mishra,14,14,53,363,17,0,21.35,6.84,18.70,0,0
200,2010,Harbhajan Singh,15,14,53.3,377,17,0,22.17,7.04,18.88,0,0
201,2010,Vinay Kumar,14,14,46.1,396,16,0,24.75,8.57,17.31,1,0
202,2010,Muttiah Muralitharan,12,12,48,329,15,0,21.93,6.85,19.20,0,0
203,2010,Dale Steyn,15,15,59,406,15,0,27.06,6.88,23.60,0,0
204,2010,Lasith Malinga,13,13,49,344,15,0,22.93,7.02,19.60,1,0
205,2010,Kieron Pollard,14,12,37,274,15,0,18.26,7.40,14.80,0,0
206,2010,Zaheer Khan,14,14,48.2,376,15,0,25.06,7.77,19.33,0,0
207,2010,Irfan Pathan,14,14,46.2,426,15,0,28.40,9.19,18.53,0,0
208,2010,Ryan Harris,8,8,30.4,233,14,0,16.64,7.59,13.14,0,0
209,2010,Ravichandran Ashwin,12,12,48,293,13,0,22.53,6.10,22.15,0,0
210,2010,Shadab Jakati,11,11,38,291,13,0,22.38,7.65,17.53,0,0
211,2010,Jacques Kallis,16,16,57,476,13,0,36.61,8.35,26.30,0,0
212,2010,RP Singh,12,12,42,370,13,0,28.46,8.80,19.38,0,0
213,2010,Doug Bollinger,8,8,31,207,12,0,17.25,6.67,15.50,1,0
214,2010,Andrew Symonds,16,16,53,372,12,0,31.00,7.01,26.50,0,0
215,2010,Piyush Chawla,14,14,49,367,12,0,30.58,7.48,24.50,0,0
216,2010,Siddharth Trivedi,11,10,35.3,260,11,0,23.63,7.32,19.36,0,0
217,2010,Shane Warne,14,14,50,381,11,0,34.63,7.62,27.27,1,0
218,2010,Albie Morkel,14,14,47.4,405,11,0,36.81,8.49,26.00,0,0
219,2010,Praveen Kumar,12,12,45,380,10,0,38.00,8.44,27.00,0,0
220,2010,Shaun Tait,8,8,31.1,264,10,0,26.40,8.47,18.70,0,0
221,2010,Chaminda Vaas,6,6,22,139,9,0,15.44,6.31,14.66,0,0
222,2010,Murali Kartik,10,10,39,253,9,0,28.11,6.48,26.00,0,0
223,2010,Ashok Dinda,7,7,23.1,152,9,0,16.88,6.56,15.44,0,0
224,2010,Shane Bond,8,8,31,224,9,0,24.88,7.22,20.66,0,0
225,2010,Pradeep Sangwan,8,8,31,258,9,0,28.66,8.32,20.66,0,0
226,2010,Harmeet Singh Bansal,8,8,24,174,8,0,21.75,7.25,18.00,0,0
227,2010,Angelo Mathews,14,12,37.3,314,8,0,39.25,8.37,28.12,1,0
228,2010,MF Maharoof,7,7,24,206,8,0,25.75,8.58,18.00,0,0
229,2010,Dirk Nannes,9,9,34.2,224,7,0,32.00,6.52,29.42,0,0
230,2010,Dilhara Fernando,5,5,19,138,7,0,19.71,7.26,16.28,0,0
231,2010,Lakshmipathy Balaji,7,7,23.2,207,7,0,29.57,8.87,20.00,0,0
232,2010,Ishant Sharma,7,7,25,236,7,0,33.71,9.44,21.42,0,0
233,2010,Ashish Nehra,4,4,14,96,6,0,16.00,6.85,14.00,0,0
234,2010,Suresh Raina,16,12,23.5,178,6,0,29.66,7.46,23.83,0,0
235,2010,Umesh Yadav,7,7,24,184,6,0,30.66,7.66,24.00,0,0
236,2010,Juan Theron,7,7,24,187,6,0,31.16,7.79,24.00,0,0
237,2010,Shane Watson,6,6,22,184,6,0,30.66,8.36,22.00,0,0
238,2010,Shalabh Srivastava,8,8,27,255,6,0,42.50,9.44,27.00,0,0
239,2010,Jaskaran Singh,6,6,14,139,6,0,23.16,9.92,14.00,0,0
240,2010,Yuvraj Singh,14,10,23,152,5,0,30.40,6.60,27.60,0,0
241,2010,Paul Collingwood,8,6,14.5,101,5,0,20.20,6.80,17.80,0,0
242,2010,T Thushara,4,4,14.3,101,5,0,20.20,6.96,17.40,0,0
243,2010,Yusuf Pathan,14,11,34,246,5,0,49.20,7.23,40.80,0,0
244,2010,Charl Langeveldt,3,3,11,88,5,0,17.60,8.00,13.20,0,0
245,2010,Rahul Sharma,6,6,20.4,167,5,0,33.40,8.08,24.80,0,0
246,2010,Ravi Bopara,10,5,13,127,5,0,25.40,9.76,15.60,0,0
247,2010,Andrew McDonald,4,4,14,138,5,0,27.60,9.85,16.80,0,0
248,2010,Aditya Dole,3,3,11,112,5,0,22.40,10.18,13.20,0,0
249,2010,Sumit Narwal,5,5,15.4,185,5,0,37.00,11.80,18.80,0,0
250,2010,Ryan McLaren,10,10,34,270,4,0,67.50,7.94,51.00,0,0
251,2010,Dimitri Mascarenhas,2,2,8,65,4,0,16.25,8.12,12.00,0,0
252,2010,Jaydev Unadkat,3,3,10.2,85,4,0,21.25,8.22,15.50,0,0
253,2010,Dwayne Bravo,10,10,26.1,228,4,0,57.00,8.71,39.25,0,0
254,2010,Ajit Agarkar,7,7,22,203,4,0,50.75,9.22,33.00,0,0
255,2010,Chris Gayle,9,6,16,152,4,0,38.00,9.50,24.00,0,0
256,2010,Sarabjit Ladda,5,5,15,143,4,0,35.75,9.53,22.50,0,0
257,2010,Virender Sehwag,14,3,5.4,23,3,0,7.66,4.05,11.33,0,0
258,2010,Ramesh Powar,7,7,23,160,3,0,53.33,6.95,46.00,0,0
259,2010,JM Kemp,5,5,7.2,54,3,0,18.00,7.36,14.66,0,0
260,2010,Ali Murtaza,3,3,12,91,3,0,30.33,7.58,24.00,0,0
261,2010,Kevin Pietersen,7,6,10,77,3,0,25.66,7.70,20.00,0,0
262,2010,Rajat Bhatia,5,5,16,132,3,0,44.00,8.25,32.00,0,0
263,2010,Tillakaratne Dilshan,6,4,8.1,70,3,0,23.33,8.57,16.33,0,0
264,2010,Kamran Khan,3,3,6,53,3,0,17.66,8.83,12.00,0,0
265,2010,Laxmi Ratan Shukla,4,4,12,106,3,0,35.33,8.83,24.00,0,0
266,2010,Love Ablish,2,2,4,36,3,0,12.00,9.00,8.00,0,0
267,2010,Munaf Patel,4,4,13,118,3,0,39.33,9.07,26.00,0,0
268,2010,Bipul Sharma,5,4,10,94,3,0,31.33,9.40,20.00,0,0
269,2010,Shanthakumaran Sreesanth,6,6,19,191,3,0,63.66,10.05,38.00,0,0
270,2010,Roelof van der Merwe,1,1,4,27,2,0,13.50,6.75,12.00,0,0
271,2010,Sanath Jayasuriya,4,4,9,68,2,0,34.00,7.55,27.00,0,0
272,2010,Rohit Sharma,16,9,19,153,2,0,76.50,8.05,57.00,0,0
273,2010,Brad Hodge,4,4,5,41,2,0,20.50,8.20,15.00,0,0
274,2010,Ajantha Mendis,2,2,8,66,2,0,33.00,8.25,24.00,0,0
275,2010,Daniel Vettori,3,3,11.4,97,2,0,48.50,8.31,35.00,0,0
276,2010,Mitchell Marsh,3,3,10,88,2,0,44.00,8.80,30.00,0,0
277,2010,Pankaj Singh,2,2,8,81,2,0,40.50,10.12,24.00,0,0
278,2010,Rajagopal Sathish,12,4,8,81,2,0,40.50,10.12,24.00,0,0
279,2010,Amit Uniyal,2,2,6,66,2,0,33.00,11.00,18.00,0,0
280,2010,Joginder Sharma,3,3,8,89,2,0,44.50,11.12,24.00,0,0
281,2010,Nayan Doshi,1,1,4,17,1,0,17.00,4.25,24.00,0,0
282,2010,JP Duminy,7,2,5.3,37,1,0,37.00,6.72,33.00,0,0
283,2010,Iqbal Abdulla,3,3,8.3,61,1,0,61.00,7.17,51.00,0,0
284,2010,KP Appanna,2,2,7,51,1,0,51.00,7.28,42.00,0,0
285,2010,Yo Mahesh,1,1,3,23,1,0,23.00,7.66,18.00,0,0
286,2010,Vikramjeet Malik,3,3,7.1,62,1,0,62.00,8.65,43.00,0,0
287,2010,Moises Henriques,1,1,4,35,1,0,35.00,8.75,24.00,0,0
288,2010,Dwayne Smith,3,2,3.5,36,1,0,36.00,9.39,23.00,0,0
289,2010,YA Abdulla,2,2,6.5,66,1,0,66.00,9.65,41.00,0,0
290,2010,Dhawal Kulkarni,1,1,4,40,1,0,40.00,10.00,24.00,0,0
291,2010,Sudeep Tyagi,6,6,15.5,159,1,0,159.00,10.04,95.00,0,0
292,2010,Manoj Tiwary,13,1,1,11,1,0,11.00,11.00,6.00,0,0
293,2010,Manpreet Gony,3,3,8,92,1,0,92.00,11.50,48.00,0,0
294,2010,Abhimanyu Mithun,1,1,3,39,1,0,39.00,13.00,18.00,0,0
295,2010,Shrikant Wagh,1,1,1,16,1,0,16.00,16.00,6.00,0,0
296,2010,Aaron Finch,1,1,1.1,5,0,0,-,4.28,-,0,0
297,2011,Lasith Malinga,16,16,63,375,28,0,13.39,5.95,13.50,0,1
298,2011,Munaf Patel,15,15,54.2,358,22,0,16.27,6.58,14.81,0,1
299,2011,Sreenath Arvind,13,13,46,368,21,0,17.52,8.00,13.14,1,0
300,2011,Ravichandran Ashwin,16,16,63,388,20,0,19.40,6.15,18.90,0,0
301,2011,Amit Mishra,14,14,53.2,358,19,0,18.84,6.71,16.84,1,0
302,2011,Doug Bollinger,13,13,47,329,17,0,19.35,7.00,16.58,0,0
303,2011,Rahul Sharma,14,14,50,273,16,0,17.06,5.46,18.75,0,0
304,2011,Iqbal Abdulla,15,15,50,305,16,0,19.06,6.10,18.75,0,0
305,2011,Ryan Harris,13,13,47,382,16,0,23.87,8.12,17.62,0,0
306,2011,Piyush Chawla,12,12,41.2,336,16,0,21.00,8.12,15.50,1,0
307,2011,Albie Morkel,15,14,45,382,15,0,25.46,8.48,18.00,0,0
308,2011,Dale Steyn,12,12,45.3,299,14,0,21.35,6.57,19.50,0,0
309,2011,Harbhajan Singh,15,15,53,370,14,0,26.42,6.98,22.71,0,1
310,2011,Zaheer Khan,15,15,59,455,14,0,32.50,7.71,25.28,0,0
311,2011,Yusuf Pathan,15,14,39,238,13,0,18.30,6.10,18.00,0,0
312,2011,Shane Warne,13,12,47,297,13,0,22.84,6.31,21.69,0,0
313,2011,RP Singh,14,14,50,345,13,0,26.53,6.90,23.07,1,0
314,2011,Morne Morkel,11,11,43,325,13,0,25.00,7.55,19.84,0,0
315,2011,Daniel Vettori,13,13,51.4,311,12,0,25.91,6.01,25.83,0,0
316,2011,Vinay Kumar,13,13,44.4,335,12,0,27.91,7.50,22.33,0,0
317,2011,Shakib Al Hasan,7,7,25.3,175,11,0,15.90,6.86,13.90,0,0
318,2011,Ishant Sharma,12,12,44,314,11,0,28.54,7.13,24.00,0,1
319,2011,Irfan Pathan,14,13,45.5,344,11,0,31.27,7.50,25.00,0,0
320,2011,Dan Christian,14,14,45.4,350,11,0,31.81,7.66,24.90,0,0
321,2011,Alfonso Thomas,11,11,38.3,297,11,0,27.00,7.71,21.00,0,0
322,2011,Pragyan Ojha,10,10,36.5,267,10,0,26.70,7.24,22.10,0,0
323,2011,Praveen Kumar,13,13,46,345,10,0,34.50,7.50,27.60,0,0
324,2011,Shadab Jakati,15,14,44.1,336,10,0,33.60,7.60,26.50,0,0
325,2011,Lakshmipathy Balaji,14,14,44.2,371,10,0,37.10,8.36,26.60,0,0
326,2011,Kieron Pollard,16,16,42.3,361,10,0,36.10,8.49,25.50,0,0
327,2011,Siddharth Trivedi,12,12,35.4,303,10,0,30.30,8.49,21.40,0,0
328,2011,Yuvraj Singh,14,13,29,192,9,0,21.33,6.62,19.33,1,0
329,2011,Wayne Parnell,8,8,29.2,213,9,0,23.66,7.26,19.55,0,0
330,2011,Amit Singh,9,9,28.3,215,9,0,23.88,7.54,19.00,0,0
331,2011,Bhargav Bhatt,10,8,27.5,229,9,0,25.44,8.22,18.55,1,0
332,2011,Rajat Bhatia,14,12,32,210,8,0,26.25,6.56,24.00,0,0
333,2011,Chris Gayle,12,12,36,244,8,0,30.50,6.77,27.00,0,0
334,2011,Ravindra Jadeja,14,14,42,305,8,0,38.12,7.26,31.50,0,0
335,2011,Ajit Agarkar,7,7,27,231,8,0,28.87,8.55,20.25,0,0
336,2011,Shalabh Srivastava,6,6,20,186,8,0,23.25,9.30,15.00,0,0
337,2011,Shanthakumaran Sreesanth,9,9,31.5,206,7,0,29.42,6.47,27.28,0,0
338,2011,Johan Botha,10,10,36,239,7,0,34.14,6.63,30.85,0,0
339,2011,Mitchell Marsh,5,5,14.1,99,7,0,14.14,6.98,12.14,1,0
340,2011,Brad Hodge,14,4,11,77,7,0,11.00,7.00,9.42,1,0
341,2011,Jacques Kallis,15,9,24,170,7,0,24.28,7.08,20.57,0,0
342,2011,Paul Valthaty,14,9,24.1,189,7,0,27.00,7.82,20.71,1,0
343,2011,James Hopes,10,9,32,272,7,0,38.85,8.50,27.42,0,0
344,2011,Shane Watson,11,10,36,241,6,0,40.16,6.69,36.00,0,0
345,2011,Suraj Randiv,8,8,29,223,6,0,37.16,7.68,29.00,0,0
346,2011,Dwayne Bravo,6,6,20,157,6,0,26.16,7.85,20.00,0,0
347,2011,Jaydev Unadkat,7,6,18,150,6,0,25.00,8.33,18.00,0,0
348,2011,Shaun Tait,4,4,14.5,127,6,0,21.16,8.56,14.83,0,0
349,2011,Roelof van der Merwe,4,4,14.5,92,5,0,18.40,6.20,17.80,0,0
350,2011,Dhawal Kulkarni,6,6,20,149,5,0,29.80,7.45,24.00,0,0
351,2011,Brett Lee,12,12,45.2,338,5,0,67.60,7.45,54.40,0,0
352,2011,Charl Langeveldt,3,3,11,84,5,0,16.80,7.63,13.20,0,0
353,2011,Raiphi Gomez,11,8,15,124,5,0,24.80,8.26,18.00,0,0
354,2011,Syed Mohammad,5,5,15,127,5,0,25.40,8.46,18.00,0,0
355,2011,Ashok Dinda,6,5,17,152,5,0,30.40,8.94,20.40,0,0
356,2011,Abhimanyu Mithun,12,12,34,321,5,0,64.20,9.44,40.80,0,0
357,2011,Ryan McLaren,6,6,18,178,5,0,35.60,9.88,21.60,0,0
358,2011,Bipul Sharma,4,4,12,78,4,0,19.50,6.50,18.00,0,0
359,2011,Suresh Raina,16,12,27.3,201,4,0,50.25,7.30,41.25,0,0
360,2011,Shahbaz Nadeem,5,5,19,142,4,0,35.50,7.47,28.50,0,0
361,2011,Shrikant Wagh,7,7,16,121,4,0,30.25,7.56,24.00,0,0
362,2011,Jesse Ryder,13,7,15.2,118,4,0,29.50,7.69,23.00,0,0
363,2011,JP Duminy,10,8,18,143,4,0,35.75,7.94,27.00,0,0
364,2011,Tim Southee,5,5,19,166,4,0,41.50,8.73,28.50,0,0
365,2011,P Parameswaran,5,5,15.4,137,4,0,34.25,8.74,23.50,0,0
366,2011,Manpreet Gony,3,3,9,85,4,0,21.25,9.44,13.50,0,0
367,2011,Ali Murtaza,5,5,20,117,3,0,39.00,5.85,40.00,0,0
368,2011,Bhuvneshwar Kumar,4,4,11,67,3,0,22.33,6.09,22.00,0,0
369,2011,Harmeet Singh Bansal,2,2,7,53,3,0,17.66,7.57,14.00,0,0
370,2011,Aavishkar Salvi,2,2,8,66,3,0,22.00,8.25,16.00,0,0
371,2011,James Franklin,8,6,10.1,99,3,0,33.00,9.73,20.33,0,0
372,2011,Anand Rajan,2,2,5,50,3,0,16.66,10.00,10.00,0,0
373,2011,JJ van der Wath,3,3,12,129,3,0,43.00,10.75,24.00,0,0
374,2011,Ryan Ninan,2,2,6,65,3,0,21.66,10.83,12.00,0,0
375,2011,Varun Aaron,4,3,12,82,2,0,41.00,6.83,36.00,0,0
376,2011,Muttiah Muralitharan,5,5,19,141,2,0,70.50,7.42,57.00,0,0
377,2011,Dirk Nannes,2,2,4,31,2,0,15.50,7.75,12.00,0,0
378,2011,Thisara Perera,4,4,14,111,2,0,55.50,7.92,42.00,0,0
379,2011,Ashok Menaria,13,9,15,121,2,0,60.50,8.06,45.00,0,0
380,2011,Virat Kohli,16,10,17,139,2,0,69.50,8.17,51.00,0,0
381,2011,Ramesh Powar,5,5,12,112,2,0,56.00,9.33,36.00,0,0
382,2011,Abhishek Nayar,10,6,10.1,95,2,0,47.50,9.34,30.50,0,0
383,2011,Umesh Yadav,7,6,18,169,2,0,84.50,9.38,54.00,0,0
384,2011,James Faulkner,1,1,2,9,1,0,9.00,4.50,12.00,0,0
385,2011,Shikhar Dhawan,14,2,2,11,1,0,11.00,5.50,12.00,0,0
386,2011,SS Mundhe,1,1,1,6,1,0,6.00,6.00,6.00,0,0
387,2011,Murali Kartik,6,6,20.5,166,1,0,166.00,7.96,125.00,0,0
388,2011,Nuwan Kulasekara,1,1,3,26,1,0,26.00,8.66,18.00,0,0
389,2011,Tillakaratne Dilshan,10,6,12,108,1,0,108.00,9.00,72.00,0,0
390,2011,Andrew Symonds,11,3,4,41,1,0,41.00,10.25,24.00,0,0
391,2011,Nayan Doshi,3,3,5.2,62,1,0,62.00,11.62,32.00,0,0
392,2011,David Hussey,8,2,3,38,1,0,38.00,12.66,18.00,0,0
393,2011,Yogesh Nagar,11,5,5,67,1,0,67.00,13.40,30.00,0,0
394,2011,Jacob Oram,2,1,2,32,1,0,32.00,16.00,12.00,0,0
395,2011,Sachin Rana,2,1,0.4,2,0,0,-,3.00,-,0,0
396,2011,Ankeet Chavan,2,2,5,27,0,0,-,5.40,-,0,0
397,2012,Morne Morkel,16,16,63,453,25,0,18.12,7.19,15.12,1,0
398,2012,Sunil Narine,15,15,59.1,324,24,0,13.50,5.47,14.79,1,1
399,2012,Lasith Malinga,14,14,55.3,350,22,0,15.90,6.30,15.13,1,0
400,2012,Umesh Yadav,17,17,61,453,19,0,23.84,7.42,19.26,0,0
401,2012,Vinay Kumar,15,14,55.5,480,19,0,25.26,8.59,17.63,0,0
402,2012,Dale Steyn,12,12,46.4,285,18,0,15.83,6.10,15.55,0,0
403,2012,Zaheer Khan,16,15,60,453,17,0,26.64,7.55,21.17,0,0
404,2012,Parvinder Awana,12,12,47,372,17,0,21.88,7.91,16.58,1,0
405,2012,Piyush Chawla,16,16,57,419,16,0,26.18,7.35,21.37,0,0
406,2012,Kieron Pollard,14,14,43.5,350,16,0,21.87,7.98,16.43,1,0
407,2012,Muttiah Muralitharan,10,10,40,260,15,0,17.33,6.50,16.00,0,0
408,2012,Jacques Kallis,17,16,54,403,15,0,26.86,7.46,21.60,0,0
409,2012,Munaf Patel,12,12,46.4,367,15,0,24.46,7.86,18.66,2,0
410,2012,Dwayne Bravo,19,18,57.4,461,15,0,30.73,7.99,23.06,0,0
411,2012,Ravichandran Ashwin,19,18,65.5,432,14,0,30.85,6.56,28.21,0,0
412,2012,Ben Hilfenhaus,9,9,34,233,14,0,16.64,6.85,14.57,0,0
413,2012,Azhar Mahmood,11,11,42.4,329,14,0,23.50,7.71,18.28,0,0
414,2012,Siddharth Trivedi,14,14,52,380,13,0,29.23,7.30,24.00,1,0
415,2012,Rajat Bhatia,17,16,53.1,389,13,0,29.92,7.31,24.53,0,0
416,2012,Albie Morkel,16,15,49.3,385,13,0,29.61,7.77,22.84,0,0
417,2012,Amit Mishra,14,14,47,377,13,0,29.00,8.02,21.69,0,0
418,2012,Shakib Al Hasan,8,8,30,195,12,0,16.25,6.50,15.00,0,0
419,2012,Ravindra Jadeja,19,14,35,273,12,0,22.75,7.80,17.50,0,1
420,2012,Lakshmipathy Balaji,8,8,29.5,162,11,0,14.72,5.43,16.27,1,0
421,2012,Ashish Nehra,13,13,48,402,11,0,36.54,8.37,26.18,0,0
422,2012,Brad Hogg,9,9,36,253,10,0,25.30,7.02,21.60,0,0
423,2012,Kevon Cooper,6,6,24,174,10,0,17.40,7.25,14.40,1,0
424,2012,RP Singh,11,11,41,318,10,0,31.80,7.75,24.60,0,0
425,2012,Ashish Reddy,9,8,24.1,205,10,0,20.50,8.48,14.50,0,0
426,2012,Veer Pratap Singh,9,9,34,296,10,0,29.60,8.70,20.40,0,0
427,2012,Amit Singh,9,9,32.5,310,10,0,31.00,9.44,19.70,0,0
428,2012,Praveen Kumar,16,16,63,434,9,0,48.22,6.88,42.00,0,0
429,2012,Ashok Dinda,7,7,24,169,9,0,18.77,7.04,16.00,1,0
430,2012,Johan Botha,11,11,41,297,9,0,33.00,7.24,27.33,0,0
431,2012,Pragyan Ojha,9,9,30,220,9,0,24.44,7.33,20.00,0,0
432,2012,Rahul Sharma,11,11,37,300,9,0,33.33,8.10,24.66,0,0
433,2012,Shadab Jakati,15,15,41,335,9,0,37.22,8.17,27.33,0,0
434,2012,Harshal Patel,12,11,41,340,9,0,37.77,8.29,27.33,0,0
435,2012,Shahbaz Nadeem,12,12,45,318,8,0,39.75,7.06,33.75,0,0
436,2012,Bhuvneshwar Kumar,11,11,39,281,8,0,35.12,7.20,29.25,0,0
437,2012,Ryan Harris,5,5,18,130,8,0,16.25,7.22,13.50,1,0
438,2012,Marlon Samuels,8,8,28.4,216,8,0,27.00,7.53,21.50,0,0
439,2012,Irfan Pathan,17,17,60,465,8,0,58.12,7.75,45.00,0,0
440,2012,Dan Christian,7,7,27,233,8,0,29.12,8.62,20.25,0,0
441,2012,Doug Bollinger,6,6,18,157,8,0,19.62,8.72,13.50,0,0
442,2012,Varun Aaron,8,8,31,271,8,0,33.87,8.74,23.25,0,0
443,2012,Dimitri Mascarenhas,4,4,16,105,7,0,15.00,6.56,13.71,0,1
444,2012,Pawan Negi,8,6,22,152,7,0,21.71,6.90,18.85,1,0
445,2012,Angelo Mathews,9,9,26,192,7,0,27.42,7.38,22.28,0,0
446,2012,Brett Lee,10,10,38,299,7,0,42.71,7.86,32.57,0,0
447,2012,Pankaj Singh,6,6,21,170,7,0,24.28,8.09,18.00,0,0
448,2012,Ankeet Chavan,8,8,27.2,236,7,0,33.71,8.63,23.42,0,0
449,2012,Shaun Tait,6,6,22.5,151,6,0,25.16,6.61,22.83,0,0
450,2012,Shane Watson,7,7,23,161,6,0,26.83,7.00,23.00,0,0
451,2012,Harbhajan Singh,17,16,54,384,6,0,64.00,7.11,54.00,0,0
452,2012,Dhawal Kulkarni,2,2,8,64,6,0,10.66,8.00,8.00,0,0
453,2012,James Franklin,12,9,15,121,6,0,20.16,8.06,15.00,0,0
454,2012,Harmeet Singh Bansal,7,6,19.2,168,6,0,28.00,8.68,19.33,0,0
455,2012,KP Appanna,7,6,17,148,6,0,24.66,8.70,17.00,1,0
456,2012,Wayne Parnell,6,6,21,128,5,0,25.60,6.09,25.20,0,0
457,2012,Andrew McDonald,4,3,10,61,5,0,12.20,6.10,12.00,0,0
458,2012,Ajit Chandila,4,4,14,86,5,0,17.20,6.14,16.80,1,0
459,2012,Daniel Vettori,9,9,35,236,5,0,47.20,6.74,42.00,0,0
460,2012,Iqbal Abdulla,9,8,22,144,4,0,36.00,6.54,33.00,0,0
461,2012,Nuwan Kulasekara,5,4,14,94,4,0,23.50,6.71,21.00,0,0
462,2012,Ankit Sharma,9,9,24.1,165,4,0,41.25,6.82,36.25,0,0
463,2012,Murali Kartik,11,11,36,266,4,0,66.50,7.38,54.00,0,0
464,2012,David Hussey,16,6,9,63,3,0,21.00,7.00,18.00,0,0
465,2012,Alfonso Thomas,4,4,14,109,3,0,36.33,7.78,28.00,0,0
466,2012,Stuart Binny,8,6,10,78,3,0,26.00,7.80,20.00,0,0
467,2012,Doug Bracewell,1,1,4,32,3,0,10.66,8.00,8.00,0,0
468,2012,Yusuf Pathan,17,12,22,182,3,0,60.66,8.27,44.00,0,0
469,2012,Manpreet Gony,6,6,24,207,3,0,69.00,8.62,48.00,0,0
470,2012,Yo Mahesh,5,4,9.2,81,3,0,27.00,8.67,18.66,0,0
471,2012,Robin Peterson,5,4,8,70,3,0,23.33,8.75,16.00,0,0
472,2012,James Faulkner,2,2,8,72,3,0,24.00,9.00,16.00,0,0
473,2012,Shikhar Dhawan,15,4,6,55,3,0,18.33,9.16,12.00,0,0
474,2012,Anand Rajan,4,4,11.5,109,3,0,36.33,9.21,23.66,0,0
475,2012,Ajit Agarkar,4,4,14.2,134,3,0,44.66,9.34,28.66,0,0
476,2012,Marchant de Lange,3,3,10,107,3,0,35.66,10.70,20.00,0,0
477,2012,Roelof van der Merwe,3,3,10,60,2,0,30.00,6.00,30.00,0,0
478,2012,Michael Clarke,6,5,11,67,2,0,33.50,6.09,33.00,0,0
479,2012,Dwayne Smith,7,6,13,95,2,0,47.50,7.30,39.00,0,0
480,2012,Suresh Raina,19,7,14,105,2,0,52.50,7.50,42.00,0,0
481,2012,Bhargav Bhatt,5,5,16.3,136,2,0,68.00,8.24,49.50,0,0
482,2012,Juan Theron,2,2,8,66,2,0,33.00,8.25,24.00,0,0
483,2012,Sourav Ganguly,15,4,10,95,2,0,47.50,9.50,30.00,0,0
484,2012,Laxmi Ratan Shukla,11,2,2,12,1,0,12.00,6.00,12.00,0,0
485,2012,Abhishek Jhunjhunwala,5,3,6,38,1,0,38.00,6.33,36.00,0,0
486,2012,Ashok Menaria,15,3,3.2,23,1,0,23.00,6.90,20.00,0,0
487,2012,Glenn Maxwell,2,2,3,22,1,0,22.00,7.33,18.00,0,0
488,2012,Mandeep Singh,16,1,3,23,1,0,23.00,7.66,18.00,0,0
489,2012,Ryan ten Doeschate,3,1,3,24,1,0,24.00,8.00,18.00,0,0
490,2012,Clint McKay,2,2,7,60,1,0,60.00,8.57,42.00,0,0
491,2012,JP Duminy,9,6,12,104,1,0,104.00,8.66,72.00,0,0
492,2012,Jesse Ryder,11,4,7,70,1,0,70.00,10.00,42.00,0,0
493,2012,Andre Russell,4,4,16,161,1,0,161.00,10.06,96.00,0,0
494,2012,Brad Hodge,12,2,2,21,1,0,21.00,10.50,12.00,0,0
495,2012,Pradeep Sangwan,1,1,4,42,1,0,42.00,10.50,24.00,0,0
496,2012,Akshath Reddy,5,1,3,32,1,0,32.00,10.66,18.00,0,0
497,2013,Dwayne Bravo,18,18,62.3,497,32,0,15.53,7.95,11.71,1,0
498,2013,James Faulkner,16,16,63.1,427,28,0,15.25,6.75,13.53,0,2
499,2013,Harbhajan Singh,19,19,70,456,24,0,19.00,6.51,17.50,0,0
500,2013,Mitchell Johnson,17,17,64,459,24,0,19.12,7.17,16.00,0,0
501,2013,Vinay Kumar,16,16,60.1,493,23,0,21.43,8.19,15.69,0,0
502,2013,Sunil Narine,16,16,64,350,22,0,15.90,5.46,17.45,2,0
503,2013,Amit Mishra,17,17,62,394,21,0,18.76,6.35,17.71,1,0
504,2013,Mohit Sharma,15,15,50.4,326,20,0,16.30,6.43,15.20,0,0
505,2013,Lasith Malinga,17,17,65.2,468,20,0,23.40,7.16,19.60,0,0
506,2013,Dale Steyn,17,17,67.5,384,19,0,20.21,5.66,21.42,0,0
507,2013,Thisara Perera,16,16,59.4,478,19,0,25.15,8.01,18.84,0,0
508,2013,Kevon Cooper,14,14,54,449,19,0,23.63,8.31,17.05,0,0
509,2013,Pragyan Ojha,16,15,52.2,381,16,0,23.81,7.28,19.62,0,0
510,2013,Jacques Kallis,16,15,53,394,16,0,24.62,7.43,19.87,0,0
511,2013,Umesh Yadav,16,16,57.5,508,16,0,31.75,8.78,21.68,1,0
512,2013,Ashok Dinda,13,13,49,465,16,0,29.06,9.48,18.37,0,0
513,2013,Ravichandran Ashwin,18,18,58,390,15,0,26.00,6.72,23.20,0,0
514,2013,Azhar Mahmood,11,11,43.5,330,15,0,22.00,7.52,17.53,0,0
515,2013,Parvinder Awana,14,14,54,412,15,0,27.46,7.62,21.60,0,0
516,2013,Ishant Sharma,16,16,59.4,466,15,0,31.06,7.81,23.86,0,0
517,2013,Chris Morris,16,16,50,401,15,0,26.73,8.02,20.00,0,0
518,2013,Bhuvneshwar Kumar,16,16,57,371,13,0,28.53,6.50,26.30,0,0
519,2013,Ravi Rampaul,10,10,37.4,261,13,0,20.07,6.92,17.38,0,0
520,2013,Shane Watson,16,13,41.4,298,13,0,22.92,7.15,19.23,0,0
521,2013,Ravindra Jadeja,18,15,43.1,323,13,0,24.84,7.48,19.92,0,0
522,2013,Jaydev Unadkat,13,13,49,370,13,0,28.46,7.55,22.61,0,1
523,2013,RP Singh,11,11,39.5,335,13,0,25.76,8.41,18.38,0,0
524,2013,Praveen Kumar,15,15,56.2,373,12,0,31.08,6.62,28.16,0,0
525,2013,Siddharth Trivedi,17,17,59.5,410,12,0,34.16,6.85,29.91,0,0
526,2013,Lakshmipathy Balaji,13,13,50,387,12,0,32.25,7.74,25.00,0,0
527,2013,Karn Sharma,13,13,34.5,230,11,0,20.90,6.60,19.00,0,0
528,2013,Piyush Chawla,16,16,58.2,418,11,0,38.00,7.16,31.81,0,0
529,2013,Rajat Bhatia,15,15,43.5,332,11,0,30.18,7.57,23.90,0,0
530,2013,Ashish Nehra,10,10,36,316,11,0,28.72,8.77,19.63,0,0
531,2013,Irfan Pathan,15,15,51.2,382,10,0,38.20,7.44,30.80,0,0
532,2013,Kieron Pollard,18,14,31,292,10,0,29.20,9.41,18.60,0,0
533,2013,Shahbaz Nadeem,12,12,44,259,9,0,28.77,5.88,29.33,0,0
534,2013,Sachithra Senanayake,8,8,32,209,9,0,23.22,6.53,21.33,0,0
535,2013,Rahul Sharma,11,11,41,281,9,0,31.22,6.85,27.33,0,0
536,2013,Murali Kartik,11,11,39,284,9,0,31.55,7.28,26.00,0,0
537,2013,Sandeep Sharma,4,4,16,119,8,0,14.87,7.43,12.00,0,0
538,2013,Darren Sammy,10,9,22.2,168,8,0,21.00,7.52,16.75,1,0
539,2013,Dhawal Kulkarni,6,6,18.4,151,8,0,18.87,8.08,14.00,0,0
540,2013,Albie Morkel,8,7,24,159,7,0,22.71,6.62,20.57,0,0
541,2013,Iqbal Abdulla,5,5,18.5,142,7,0,20.28,7.53,16.14,0,0
542,2013,Morne Morkel,10,10,40,335,7,0,47.85,8.37,34.28,0,0
543,2013,Moises Henriques,10,8,21.1,185,7,0,26.42,8.74,18.14,0,0
544,2013,Manpreet Gony,8,8,28,256,7,0,36.57,9.14,24.00,0,0
545,2013,Mitchell Marsh,9,7,19.2,182,7,0,26.00,9.41,16.57,0,0
546,2013,Ajit Chandila,8,8,25,156,6,0,26.00,6.24,25.00,0,0
547,2013,Stuart Binny,17,14,24,162,6,0,27.00,6.75,24.00,0,0
548,2013,Yuvraj Singh,13,10,22,152,6,0,25.33,6.90,22.00,0,0
549,2013,Wayne Parnell,4,4,14.5,137,6,0,22.83,9.23,14.83,0,0
550,2013,Johan Botha,6,6,16.4,109,5,0,21.80,6.54,20.00,0,0
551,2013,Shanthakumaran Sreesanth,7,7,21.4,163,5,0,32.60,7.52,26.00,0,0
552,2013,Harmeet Singh Bansal,3,3,11.2,87,5,0,17.40,7.67,13.60,0,0
553,2013,Angelo Mathews,11,10,31,240,5,0,48.00,7.74,37.20,0,0
554,2013,Zaheer Khan,2,2,6,47,5,0,9.40,7.83,7.20,1,0
555,2013,Brett Lee,3,3,12,86,4,0,21.50,7.16,18.00,0,0
556,2013,Siddarth Kaul,6,6,21.5,170,4,0,42.50,7.78,32.75,0,0
557,2013,Dirk Nannes,5,5,19.5,158,4,0,39.50,7.96,29.75,0,0
558,2013,Abu Nechim,2,2,7,45,3,0,15.00,6.42,14.00,0,0
559,2013,Roelof van der Merwe,3,3,11,71,3,0,23.66,6.45,22.00,0,0
560,2013,Muttiah Muralitharan,6,6,23,177,3,0,59.00,7.69,46.00,0,0
561,2013,Syed Mohammad,4,4,10,91,3,0,30.33,9.10,20.00,0,0
562,2013,Munaf Patel,4,4,15,137,3,0,45.66,9.13,30.00,0,0
563,2013,Ali Murtaza,3,3,10,94,3,0,31.33,9.40,20.00,0,0
564,2013,Rahul Shukla,3,3,8,79,3,0,26.33,9.87,16.00,0,0
565,2013,Chris Gayle,16,4,4,40,3,0,13.33,10.00,8.00,0,0
566,2013,Jasprit Bumrah,2,2,7,70,3,0,23.33,10.00,14.00,0,0
567,2013,Ashish Reddy,12,5,6.4,70,3,0,23.33,10.50,13.33,0,0
568,2013,Ryan McLaren,2,2,7,94,3,0,31.33,13.42,14.00,0,0
569,2013,Anand Rajan,2,2,8,42,2,0,21.00,5.25,24.00,0,0
570,2013,Vikramjeet Malik,3,3,10,59,2,0,29.50,5.90,30.00,0,0
571,2013,Ajantha Mendis,3,3,12,78,2,0,39.00,6.50,36.00,0,0
572,2013,Rishi Dhawan,6,5,15,109,2,0,54.50,7.26,45.00,0,0
573,2013,Abhishek Nayar,11,3,8,59,2,0,29.50,7.37,24.00,0,0
574,2013,Jason Holder,6,6,20,168,2,0,84.00,8.40,60.00,0,0
575,2013,Kane Richardson,3,3,11.5,101,2,0,50.50,8.53,35.50,0,0
576,2013,Luke Wright,6,5,9.5,100,2,0,50.00,10.16,29.50,0,0
577,2013,Dwayne Smith,13,3,5,59,2,0,29.50,11.80,15.00,0,0
578,2013,Adam Gilchrist,13,1,0.1,0,1,0,0.00,0.00,1.00,0,0
579,2013,Bipul Sharma,1,1,4,21,1,0,21.00,5.25,24.00,0,0
580,2013,Parveez Rasool,2,2,5,28,1,0,28.00,5.60,30.00,0,0
581,2013,Ryan Harris,3,3,12,72,1,0,72.00,6.00,72.00,0,0
582,2013,Hanuma Vihari,17,5,6,38,1,0,38.00,6.33,36.00,0,0
583,2013,Bhargav Bhatt,2,2,5,32,1,0,32.00,6.40,30.00,0,0
584,2013,Ankeet Chavan,3,3,9,63,1,0,63.00,7.00,54.00,0,0
585,2013,Pawan Suyal,1,1,3,21,1,0,21.00,7.00,18.00,0,0
586,2013,Jeevan Mendis,3,2,5,36,1,0,36.00,7.20,30.00,0,0
587,2013,Nathan Coulter-Nile,1,1,4,29,1,0,29.00,7.25,24.00,0,0
588,2013,Laxmi Ratan Shukla,4,2,3,22,1,0,22.00,7.33,18.00,0,0
589,2013,Tirumalasetti Suman,7,1,2,15,1,0,15.00,7.50,12.00,0,0
590,2013,Cameron White,13,2,2,16,1,0,16.00,8.00,12.00,0,0
591,2013,Pravin Tambe,3,3,11,88,1,0,88.00,8.00,66.00,0,0
592,2013,Yusuf Pathan,16,5,9,73,1,0,73.00,8.11,54.00,0,0
593,2013,Marlon Samuels,2,1,4,34,1,0,34.00,8.50,24.00,0,0
594,2013,Harmeet Singh,1,1,4,34,1,0,34.00,8.50,24.00,0,0
595,2013,Andrew McDonald,1,1,2,17,1,0,17.00,8.50,12.00,0,0
596,2013,Mohammed Shami,3,3,9,78,1,0,78.00,8.66,54.00,0,0
597,2014,Mohit Sharma,16,16,53.5,452,23,0,19.65,8.39,14.04,1,0
598,2014,Sunil Narine,16,16,64,407,21,0,19.38,6.35,18.28,2,0
599,2014,Bhuvneshwar Kumar,14,14,53.1,354,20,0,17.70,6.65,15.95,1,0
600,2014,Ravindra Jadeja,16,16,54.2,443,19,0,23.31,8.15,17.15,2,0
601,2014,Sandeep Sharma,11,11,40.1,354,18,0,19.66,8.81,13.38,0,0
602,2014,Axar Patel,17,17,66,405,17,0,23.82,6.13,23.29,0,0
603,2014,Mitchell Johnson,14,14,53.3,444,17,0,26.11,8.29,18.88,0,0
604,2014,Lasith Malinga,10,10,39.1,253,16,0,15.81,6.45,14.68,1,0
605,2014,Ravichandran Ashwin,16,16,59.5,437,16,0,27.31,7.30,22.43,0,0
606,2014,Varun Aaron,10,10,36.4,299,16,0,18.68,8.15,13.75,0,0
607,2014,Pravin Tambe,13,13,49,356,15,0,23.73,7.26,19.60,1,0
608,2014,Karn Sharma,14,14,50.4,376,15,0,25.06,7.42,20.26,1,0
609,2014,Harbhajan Singh,14,14,55,356,14,0,25.42,6.47,23.57,0,0
610,2014,Mitchell Starc,14,14,53.4,402,14,0,28.71,7.49,23.00,0,0
611,2014,Piyush Chawla,11,11,39.3,303,14,0,21.64,7.67,16.92,0,0
612,2014,Rishi Dhawan,13,13,47.2,365,13,0,28.07,7.71,21.84,0,0
613,2014,Yuzvendra Chahal,14,14,55,386,12,0,32.16,7.01,27.50,0,0
614,2014,Rajat Bhatia,12,12,38,283,12,0,23.58,7.44,19.00,0,0
615,2014,Morne Morkel,12,12,48,367,12,0,30.58,7.64,24.00,0,0
616,2014,Lakshmipathy Balaji,9,9,34,299,12,0,24.91,8.79,17.00,1,0
617,2014,Shakib Al Hasan,13,13,50,334,11,0,30.36,6.68,27.27,0,0
618,2014,Dale Steyn,14,14,56,431,11,0,39.18,7.69,30.54,0,0
619,2014,Umesh Yadav,12,12,45,367,11,0,33.36,8.15,24.54,0,0
620,2014,Karanveer Singh,5,5,20,164,11,0,14.90,8.20,10.90,1,0
621,2014,James Faulkner,13,13,43,419,11,0,38.09,9.74,23.45,0,0
622,2014,Kane Richardson,7,7,27,206,9,0,22.88,7.62,18.00,0,0
623,2014,Imran Tahir,6,6,20.5,171,9,0,19.00,8.20,13.88,0,0
624,2014,Jaydev Unadkat,9,9,31.1,270,9,0,30.00,8.66,20.77,0,0
625,2014,Shahbaz Nadeem,11,11,38,311,8,0,38.87,8.18,28.50,0,0
626,2014,Ben Hilfenhaus,8,8,28,246,8,0,30.75,8.78,21.00,0,0
627,2014,Ashish Nehra,4,4,15,142,8,0,17.75,9.46,11.25,0,0
628,2014,Shane Watson,13,9,21,165,7,0,23.57,7.85,18.00,0,0
629,2014,Mohammed Shami,12,12,44,369,7,0,52.71,8.38,37.71,0,0
630,2014,Vinay Kumar,9,9,32,281,7,0,40.14,8.78,27.42,0,0
631,2014,Amit Mishra,10,10,37.3,340,7,0,48.57,9.06,32.14,0,0
632,2014,Parvinder Awana,7,7,23.3,245,7,0,35.00,10.42,20.14,0,0
633,2014,Wayne Parnell,8,8,30.1,223,6,0,37.16,7.39,30.16,0,0
634,2014,Ishwar Pandey,13,12,42,318,6,0,53.00,7.57,42.00,0,0
635,2014,Shreyas Gopal,4,4,14,113,6,0,18.83,8.07,14.00,0,0
636,2014,Dhawal Kulkarni,8,8,27,221,6,0,36.83,8.18,27.00,0,0
637,2014,Zaheer Khan,6,6,22.2,146,5,0,29.20,6.53,26.80,0,0
638,2014,Jasprit Bumrah,11,11,39.4,301,5,0,60.20,7.58,47.60,0,0
639,2014,Yuvraj Singh,14,10,22.4,187,5,0,37.40,8.25,27.20,1,0
640,2014,Ashok Dinda,9,9,31,270,5,0,54.00,8.70,37.20,0,0
641,2014,Ankit Sharma,3,2,8,43,4,0,10.75,5.37,12.00,0,0
642,2014,Kevon Cooper,5,5,18,134,4,0,33.50,7.44,27.00,0,0
643,2014,Albie Morkel,7,6,16,126,4,0,31.50,7.87,24.00,0,0
644,2014,Jacques Kallis,8,8,22,186,4,0,46.50,8.45,33.00,0,0
645,2014,Irfan Pathan,10,10,23.4,205,4,0,51.25,8.66,35.50,0,0
646,2014,Dwayne Smith,16,5,10,95,4,0,23.75,9.50,15.00,0,0
647,2014,Moises Henriques,4,4,10,96,4,0,24.00,9.60,15.00,0,0
648,2014,Corey Anderson,12,9,18,184,4,0,46.00,10.22,27.00,0,0
649,2014,Harshal Patel,3,3,11,113,4,0,28.25,10.27,16.50,0,0
650,2014,Beuran Hendricks,3,3,12,126,4,0,31.50,10.50,18.00,0,0
651,2014,Praveen Kumar,3,3,12,78,3,0,26.00,6.50,24.00,0,0
652,2014,Stuart Binny,13,8,9,64,3,0,21.33,7.11,18.00,0,0
653,2014,JP Duminy,14,11,33,240,3,0,80.00,7.27,66.00,0,0
654,2014,Shivam Sharma,4,4,16,121,3,0,40.33,7.56,32.00,0,0
655,2014,Muttiah Muralitharan,5,5,16,124,3,0,41.33,7.75,32.00,0,0
656,2014,Abu Nechim,4,4,14.2,113,3,0,37.66,7.88,28.66,0,0
657,2014,Ishant Sharma,3,3,11,101,3,0,33.66,9.18,22.00,0,0
658,2014,Darren Sammy,10,8,14,157,3,0,52.33,11.21,28.00,0,0
659,2014,Krishmar Santokie,2,2,8,90,3,0,30.00,11.25,16.00,0,0
660,2014,Rahul Tewatia,3,3,9,59,2,0,29.50,6.55,27.00,0,0
661,2014,Nathan Coulter-Nile,2,1,4,27,2,0,13.50,6.75,12.00,0,0
662,2014,Samuel Badree,4,4,14,97,2,0,48.50,6.92,42.00,0,0
663,2014,Marchant de Lange,1,1,4,32,2,0,16.00,8.00,12.00,0,0
664,2014,Siddarth Kaul,5,5,13,126,2,0,63.00,9.69,39.00,0,0
665,2014,Kieron Pollard,15,12,25,262,2,0,131.00,10.48,75.00,0,0
666,2014,Rahul Shukla,3,3,9,98,2,0,49.00,10.88,27.00,0,0
667,2014,David Hussey,5,1,2.5,38,2,0,19.00,13.41,8.50,0,0
668,2014,Ravi Rampaul,2,2,6,37,1,0,37.00,6.16,36.00,0,0
669,2014,Ryan ten Doeschate,10,4,5,35,1,0,35.00,7.00,30.00,0,0
670,2014,Pat Cummins,1,1,4,29,1,0,29.00,7.25,24.00,0,0
671,2014,Suresh Raina,16,8,18,134,1,0,134.00,7.44,108.00,0,0
672,2014,Ben Cutting,1,1,4,31,1,0,31.00,7.75,24.00,0,0
673,2014,Rohit Sharma,15,2,3,26,1,0,26.00,8.66,18.00,0,0
674,2014,Laxmi Ratan Shukla,6,5,9.2,83,1,0,83.00,8.89,56.00,0,0
675,2014,Parveez Rasool,3,3,9,83,1,0,83.00,9.22,54.00,0,0
676,2014,John Hastings,1,1,3,29,1,0,29.00,9.66,18.00,0,0
677,2014,Vikramjeet Malik,1,1,3,29,1,0,29.00,9.66,18.00,0,0
678,2014,Jimmy Neesham,4,4,9,91,1,0,91.00,10.11,54.00,0,0
679,2014,Andre Russell,2,2,5,52,1,0,52.00,10.40,30.00,0,0
680,2014,Rahul Sharma,2,2,6,65,1,0,65.00,10.83,36.00,0,0
681,2014,Lendl Simmons,8,1,3,34,1,0,34.00,11.33,18.00,0,0
682,2014,Murali Kartik,2,2,8,91,1,0,91.00,11.37,48.00,0,0
683,2014,Pawan Suyal,1,1,3,35,1,0,35.00,11.66,18.00,0,0
684,2014,Jason Holder,1,1,3,35,1,0,35.00,11.66,18.00,0,0
685,2014,Glenn Maxwell,16,7,11,132,1,0,132.00,12.00,66.00,0,0
686,2014,Tim Southee,3,3,10,76,0,0,-,7.60,-,0,0
687,2014,Suryakumar Yadav,16,1,1,8,0,0,-,8.00,-,0,0
688,2014,Sachin Rana,9,2,2,16,0,0,-,8.00,-,0,0
689,2014,Venugopal Rao,7,2,2,16,0,0,-,8.00,-,0,0
690,2014,Iqbal Abdulla,1,1,2,17,0,0,-,8.50,-,0,0
691,2014,Yusuf Pathan,15,1,1,10,0,0,-,10.00,-,0,0
692,2014,Pawan Negi,2,2,7,75,0,0,-,10.71,-,0,0
693,2014,Shadab Jakati,1,1,3.4,41,0,0,-,11.18,-,0,0
694,2014,Murali Vijay,11,1,1,13,0,0,-,13.00,-,0,0
695,2014,Manoj Tiwary,8,1,2,28,0,0,-,14.00,-,0,0
696,2014,Vijay Shankar,1,1,1,19,0,0,-,19.00,-,0,0
697,2015,Dwayne Bravo,17,16,52.2,426,26,0,16.38,8.14,12.07,0,0
698,2015,Lasith Malinga,15,15,60,444,24,0,18.50,7.40,15.00,1,0
699,2015,Yuzvendra Chahal,15,14,46.5,415,23,0,18.04,8.86,12.21,0,0
700,2015,Ashish Nehra,16,16,62,449,22,0,20.40,7.24,16.90,1,0
701,2015,Mitchell Starc,13,12,43,291,20,0,14.55,6.76,12.90,1,0
702,2015,Harbhajan Singh,15,15,57,446,18,0,24.77,7.82,19.00,0,0
703,2015,Bhuvneshwar Kumar,14,14,51.4,407,18,0,22.61,7.87,17.22,0,0
704,2015,Mitchell McClenaghan,12,12,47,386,18,0,21.44,8.21,15.66,0,0
705,2015,Harshal Patel,15,14,43.5,328,17,0,19.29,7.48,15.47,0,0
706,2015,David Wiese,14,13,42.2,353,16,0,22.06,8.33,15.87,1,0
707,2015,Nathan Coulter-Nile,11,11,42.3,321,15,0,21.40,7.55,17.00,1,0
708,2015,Imran Tahir,10,10,35.3,314,15,0,20.93,8.84,14.20,1,0
709,2015,Anureet Singh,14,14,51.4,465,15,0,31.00,9.00,20.66,0,0
710,2015,Andre Russell,13,13,40.4,324,14,0,23.14,7.96,17.42,0,0
711,2015,Mohit Sharma,16,16,57,481,14,0,34.35,8.43,24.42,0,0
712,2015,Sandeep Sharma,14,14,50,350,13,0,26.92,7.00,23.07,1,0
713,2015,Chris Morris,11,11,42,311,13,0,23.92,7.40,19.38,1,0
714,2015,Dhawal Kulkarni,11,11,35,277,13,0,21.30,7.91,16.15,0,0
715,2015,Axar Patel,14,14,46.4,392,13,0,30.15,8.40,21.53,0,0
716,2015,Moises Henriques,9,9,25,158,11,0,14.36,6.32,13.63,0,0
717,2015,Ishwar Pandey,10,10,31,223,11,0,20.27,7.19,16.90,0,0
718,2015,Piyush Chawla,13,13,35,269,11,0,24.45,7.68,19.09,1,0
719,2015,Ravindra Jadeja,17,15,42.4,330,11,0,30.00,7.73,23.27,1,0
720,2015,Ravichandran Ashwin,14,13,39,228,10,0,22.80,5.84,23.40,0,0
721,2015,Morne Morkel,7,7,28,206,10,0,20.60,7.35,16.80,0,0
722,2015,Karn Sharma,14,14,39.5,332,10,0,33.20,8.33,23.90,0,0
723,2015,Jagadeesha Suchith,13,12,39,337,10,0,33.70,8.64,23.40,0,0
724,2015,Umesh Yadav,12,12,42,382,10,0,38.20,9.09,25.20,0,0
725,2015,Brad Hogg,6,6,21,144,9,0,16.00,6.85,14.00,1,0
726,2015,Amit Mishra,12,12,40.1,310,9,0,34.44,7.71,26.77,0,0
727,2015,Trent Boult,7,7,28,236,9,0,26.22,8.42,18.66,0,0
728,2015,Mitchell Johnson,9,9,35.5,336,9,0,37.33,9.37,23.88,0,0
729,2015,Sreenath Arvind,5,5,18,132,8,0,16.50,7.33,13.50,1,0
730,2015,JP Duminy,14,9,17,126,8,0,15.75,7.41,12.75,1,0
731,2015,James Faulkner,13,13,45,426,8,0,53.25,9.46,33.75,0,0
732,2015,Zaheer Khan,7,7,24.1,156,7,0,22.28,6.45,20.71,0,0
733,2015,Sunil Narine,8,8,32,234,7,0,33.42,7.31,27.42,1,0
734,2015,Pravin Tambe,10,10,34,266,7,0,38.00,7.82,29.14,0,0
735,2015,Angelo Mathews,11,10,30,246,7,0,35.14,8.20,25.71,0,0
736,2015,Vinay Kumar,13,13,43.3,368,7,0,52.57,8.45,37.28,0,0
737,2015,Praveen Kumar,12,12,36,329,7,0,47.00,9.13,30.85,0,0
738,2015,Ravi Bopara,9,7,20,160,6,0,26.66,8.00,20.00,0,0
739,2015,Pawan Negi,10,10,30,252,6,0,42.00,8.40,30.00,0,0
740,2015,Tim Southee,7,7,28,247,6,0,41.16,8.82,28.00,0,0
741,2015,Shane Watson,10,10,29,269,6,0,44.83,9.27,29.00,0,0
742,2015,Beuran Hendricks,4,4,13,109,5,0,21.80,8.38,15.60,0,0
743,2015,Domnic Joseph,6,6,14,101,4,0,25.25,7.21,21.00,0,0
744,2015,Stuart Binny,13,10,19,140,4,0,35.00,7.36,28.50,0,0
745,2015,Iqbal Abdulla,5,5,19,150,4,0,37.50,7.89,28.50,0,0
746,2015,Shakib Al Hasan,4,4,14,123,4,0,30.75,8.78,21.00,0,0
747,2015,Bipul Sharma,4,3,7,50,3,0,16.66,7.14,14.00,0,0
748,2015,Gurkeerat Mann Singh,5,3,9,66,3,0,22.00,7.33,18.00,0,0
749,2015,Ankit Sharma,4,4,14,114,3,0,38.00,8.14,28.00,0,0
750,2015,Ashish Reddy,6,4,6,50,3,0,16.66,8.33,12.00,0,0
751,2015,Dale Steyn,6,6,19,170,3,0,56.66,8.94,38.00,0,0
752,2015,Albie Morkel,4,4,12,109,3,0,36.33,9.08,24.00,0,0
753,2015,Kieron Pollard,16,8,12.4,120,3,0,40.00,9.47,25.33,0,0
754,2015,Varun Aaron,6,5,17.2,177,3,0,59.00,10.21,34.66,0,0
755,2015,Jasprit Bumrah,4,4,15,184,3,0,61.33,12.26,30.00,0,0
756,2015,Jayant Yadav,3,3,7,29,2,0,14.50,4.14,21.00,0,0
757,2015,Suresh Raina,17,5,12,93,2,0,46.50,7.75,36.00,0,0
758,2015,Glenn Maxwell,11,7,10,97,2,0,48.50,9.70,30.00,0,0
759,2015,Yusuf Pathan,13,5,10,97,2,0,48.50,9.70,30.00,0,0
760,2015,Parveez Rasool,2,2,5,31,1,0,31.00,6.20,30.00,0,0
761,2015,Yuvraj Singh,14,6,9,72,1,0,72.00,8.00,54.00,0,0
762,2015,Johan Botha,4,4,10,81,1,0,81.00,8.10,60.00,0,0
763,2015,Corey Anderson,4,2,4,33,1,0,33.00,8.25,24.00,0,0
764,2015,Dwayne Smith,16,1,2,17,1,0,17.00,8.50,12.00,0,0
765,2015,Deepak Hooda,14,7,15.1,129,1,0,129.00,8.50,91.00,0,0
766,2015,Rishi Dhawan,5,5,12,110,1,0,110.00,9.16,72.00,0,0
767,2015,Thisara Perera,2,2,6,55,1,0,55.00,9.16,36.00,0,0
768,2015,Pat Cummins,3,3,10,97,1,0,97.00,9.70,60.00,0,0
769,2015,Juan Theron,1,1,4,40,1,0,40.00,10.00,24.00,0,0
770,2015,Ronit More,2,2,5.5,59,1,0,59.00,10.11,35.00,0,0
771,2015,Gurinder Sandhu,3,2,8,82,1,0,82.00,10.25,48.00,0,0
772,2015,Rahul Tewatia,1,1,3,31,1,0,31.00,10.33,18.00,0,0
773,2015,Hardik Pandya,9,8,17,176,1,0,176.00,10.35,102.00,0,0
774,2015,Shreyas Gopal,1,1,2.1,23,1,0,23.00,10.61,13.00,0,0
775,2015,Abu Nechim,3,3,12,128,1,0,128.00,10.66,72.00,0,0
776,2015,Karanveer Singh,4,4,14,157,1,0,157.00,11.21,84.00,0,0
777,2015,Ishant Sharma,4,4,14,159,1,0,159.00,11.35,84.00,0,0
778,2015,Shardul Thakur,1,1,3,38,1,0,38.00,12.66,18.00,0,0
779,2015,KC Cariappa,1,1,2,28,1,0,28.00,14.00,12.00,0,0
780,2015,Shivam Sharma,1,1,3,44,1,0,44.00,14.66,18.00,0,0
781,2015,Ryan ten Doeschate,6,1,1,4,0,0,-,4.00,-,0,0
782,2015,Virat Kohli,16,2,1.5,10,0,0,-,5.45,-,0,0
783,2015,Shahbaz Nadeem,4,2,7,43,0,0,-,6.14,-,0,0
784,2015,Murali Vijay,11,2,4,28,0,0,-,7.00,-,0,0
785,2015,Chris Gayle,14,1,2,15,0,0,-,7.50,-,0,0
786,2015,Marchant de Lange,1,1,4,30,0,0,-,7.50,-,0,0
787,2015,Darren Sammy,2,2,3,25,0,0,-,8.33,-,0,0
788,2015,Rajat Bhatia,2,2,5,46,0,0,-,9.20,-,0,0
789,2015,Pawan Suyal,3,3,10,95,0,0,-,9.50,-,0,0
790,2015,Jaydev Unadkat,1,1,3,30,0,0,-,10.00,-,0,0
791,2015,Sean Abbott,2,2,5,57,0,0,-,11.40,-,0,0
792,2015,Pragyan Ojha,1,1,2,23,0,0,-,11.50,-,0,0
793,2015,Barinder Sran,1,1,3,35,0,0,-,11.66,-,0,0
794,2015,Ashok Dinda,2,2,5,62,0,0,-,12.40,-,0,0
795,2015,Azhar Mahmood,1,1,3,41,0,0,-,13.66,-,0,0
796,2016,Bhuvneshwar Kumar,17,17,66,490,23,0,21.30,7.42,17.21,1,0
797,2016,Yuzvendra Chahal,13,13,49.1,401,21,0,19.09,8.15,14.04,1,0
798,2016,Shane Watson,16,16,56.3,485,20,0,24.25,8.58,16.95,1,0
799,2016,Dhawal Kulkarni,14,14,49,364,18,0,20.22,7.42,16.33,1,0
800,2016,Mustafizur Rahman,16,16,61,421,17,0,24.76,6.90,21.52,0,0
801,2016,Mitchell McClenaghan,14,14,53.2,436,17,0,25.64,8.17,18.82,1,0
802,2016,Dwayne Bravo,15,15,56,494,17,0,29.05,8.82,19.76,1,0
803,2016,Sandeep Sharma,14,14,50,366,15,0,24.40,7.32,20.00,0,0
804,2016,Jasprit Bumrah,14,14,52,406,15,0,27.06,7.80,20.80,0,0
805,2016,Andre Russell,12,12,36.3,291,15,0,19.40,7.97,14.60,1,0
806,2016,Barinder Sran,14,14,49.3,413,14,0,29.50,8.34,21.21,0,0
807,2016,Chris Morris,12,12,44,308,13,0,23.69,7.00,20.30,0,0
808,2016,Amit Mishra,14,14,46,344,13,0,26.46,7.47,21.23,1,0
809,2016,Axar Patel,14,14,47.5,388,13,0,29.84,8.11,22.07,1,0
810,2016,Mohit Sharma,14,14,48.3,407,13,0,31.30,8.39,22.38,0,0
811,2016,Adam Zampa,5,5,17,115,12,0,9.58,6.76,8.50,0,1
812,2016,Moises Henriques,17,17,52,415,12,0,34.58,7.98,26.00,0,0
813,2016,Sunil Narine,11,11,42.5,304,11,0,27.63,7.09,23.36,0,0
814,2016,Sreenath Arvind,9,9,29.1,216,11,0,19.63,7.40,15.90,0,0
815,2016,Ashok Dinda,9,9,30.3,231,11,0,21.00,7.57,16.63,0,0
816,2016,Piyush Chawla,12,11,35.2,273,11,0,24.81,7.72,19.27,0,0
817,2016,Chris Jordan,9,9,28,258,11,0,23.45,9.21,15.27,1,0
818,2016,Ravichandran Ashwin,14,14,44,319,10,0,31.90,7.25,26.40,1,0
819,2016,Zaheer Khan,12,12,43.4,337,10,0,33.70,7.71,26.20,0,0
820,2016,Morne Morkel,10,10,35.3,297,10,0,29.70,8.36,21.30,0,0
821,2016,Umesh Yadav,9,9,26,234,10,0,23.40,9.00,15.60,0,0
822,2016,Tim Southee,11,11,43,329,9,0,36.55,7.65,28.66,0,0
823,2016,Ashish Nehra,8,8,26,199,9,0,22.11,7.65,17.33,0,0
824,2016,Praveen Kumar,16,16,51.3,401,9,0,44.55,7.78,34.33,0,0
825,2016,Harbhajan Singh,14,14,49,392,9,0,43.55,8.00,32.66,0,0
826,2016,Thisara Perera,12,11,33.1,326,9,0,36.22,9.82,22.11,0,0
827,2016,Ravindra Jadeja,15,14,40.1,311,8,0,38.87,7.74,30.12,0,0
828,2016,Marcus Stoinis,7,7,23,194,8,0,24.25,8.43,17.25,1,0
829,2016,Dwayne Smith,12,8,18,153,8,0,19.12,8.50,13.50,1,0
830,2016,Carlos Brathwaite,8,8,23.1,189,7,0,27.00,8.15,19.85,0,0
831,2016,Murugan Ashwin,10,10,28.3,241,7,0,34.42,8.45,24.42,0,0
832,2016,Kane Richardson,4,4,14,136,7,0,19.42,9.71,12.00,0,0
833,2016,Rajat Bhatia,10,10,34,244,6,0,40.66,7.17,34.00,0,0
834,2016,Krunal Pandya,12,11,31.1,236,6,0,39.33,7.57,31.16,0,0
835,2016,Kuldeep Yadav,3,3,12,100,6,0,16.66,8.33,12.00,0,0
836,2016,Shivil Kaushik,7,7,23,192,6,0,32.00,8.34,23.00,0,0
837,2016,Iqbal Abdulla,8,8,25,213,6,0,35.50,8.52,25.00,0,0
838,2016,Ben Cutting,4,4,11.1,80,5,0,16.00,7.16,13.40,0,0
839,2016,Shakib Al Hasan,10,9,31,243,5,0,48.60,7.83,37.20,0,0
840,2016,Imran Tahir,4,4,16,138,5,0,27.60,8.62,19.20,0,0
841,2016,Pravin Tambe,7,7,16,143,5,0,28.60,8.93,19.20,0,0
842,2016,Mohammed Shami,8,8,25.1,244,5,0,48.80,9.69,30.20,0,0
843,2016,Mitchell Marsh,3,3,9,45,4,0,11.25,5.00,13.50,0,0
844,2016,Brad Hogg,5,5,16,142,4,0,35.50,8.87,24.00,0,0
845,2016,Vinay Kumar,3,3,9,64,3,0,21.33,7.11,18.00,0,0
846,2016,Deepak Hooda,17,6,13,97,3,0,32.33,7.46,26.00,0,0
847,2016,Nathan Coulter-Nile,4,4,15,114,3,0,38.00,7.60,30.00,0,0
848,2016,Pradeep Sahu,5,5,17.3,146,3,0,48.66,8.34,35.00,0,0
849,2016,Bipul Sharma,7,6,14,121,3,0,40.33,8.64,28.00,0,0
850,2016,Ankit Rajpoot,4,4,11,98,3,0,32.66,8.90,22.00,0,0
851,2016,Hardik Pandya,11,10,16.4,153,3,0,51.00,9.18,33.33,0,0
852,2016,Tabraiz Shamsi,4,4,16,147,3,0,49.00,9.18,32.00,0,0
853,2016,RP Singh,4,4,12,111,3,0,37.00,9.25,24.00,0,0
854,2016,KC Cariappa,5,5,17,159,3,0,53.00,9.35,34.00,0,0
855,2016,Ishant Sharma,4,4,15,148,3,0,49.33,9.86,30.00,0,0
856,2016,Sachin Baby,11,2,1.4,8,2,0,4.00,4.80,5.00,0,0
857,2016,John Hastings,2,2,6.4,37,2,0,18.50,5.55,20.00,0,0
858,2016,Chris Gayle,10,4,10,63,2,0,31.50,6.30,30.00,0,0
859,2016,Jayant Yadav,5,5,17,125,2,0,62.50,7.35,51.00,0,0
860,2016,Scott Boland,2,2,7,54,2,0,27.00,7.71,21.00,0,0
861,2016,Gurkeerat Mann Singh,7,3,4,31,2,0,15.50,7.75,12.00,0,0
862,2016,JP Duminy,10,5,7,55,2,0,27.50,7.85,21.00,0,0
863,2016,Jason Holder,4,4,13,103,2,0,51.50,7.92,39.00,0,0
864,2016,Rishi Dhawan,2,2,7,56,2,0,28.00,8.00,21.00,0,0
865,2016,Shahbaz Nadeem,4,4,15,127,2,0,63.50,8.46,45.00,0,0
866,2016,Shadab Jakati,6,6,20,178,2,0,89.00,8.90,60.00,0,0
867,2016,Varun Aaron,8,8,23.4,227,2,0,113.50,9.59,71.00,0,0
868,2016,Mitchell Johnson,3,3,11,106,2,0,53.00,9.63,33.00,0,0
869,2016,James Faulkner,7,7,17,167,2,0,83.50,9.82,51.00,0,0
870,2016,Kyle Abbott,5,5,16,177,2,0,88.50,11.06,48.00,0,0
871,2016,Albie Morkel,2,2,5,66,2,0,33.00,13.20,15.00,0,0
872,2016,Yusuf Pathan,15,4,6,33,1,0,33.00,5.50,36.00,0,0
873,2016,Ankit Sharma,3,3,11,84,1,0,84.00,7.63,66.00,0,0
874,2016,Stuart Binny,14,11,17,134,1,0,134.00,7.88,102.00,0,0
875,2016,Parveez Rasool,4,4,14,129,1,0,129.00,9.21,84.00,0,0
876,2016,Pawan Negi,8,5,9,84,1,0,84.00,9.33,54.00,0,0
877,2016,Trent Boult,1,1,4,39,1,0,39.00,9.75,24.00,0,0
878,2016,Rajagopal Sathish,4,3,6,59,1,0,59.00,9.83,36.00,0,0
879,2016,Ashish Reddy,4,2,3.5,39,1,0,39.00,10.17,23.00,0,0
880,2016,Harshal Patel,5,5,14,147,1,0,147.00,10.50,84.00,0,0
881,2016,Adam Milne,1,1,4,43,1,0,43.00,10.75,24.00,0,0
882,2016,Nitish Rana,4,1,1,3,0,0,-,3.00,-,0,0
883,2016,Shreyas Gopal,1,1,3,18,0,0,-,6.00,-,0,0
884,2016,Kane Williamson,6,1,1,7,0,0,-,7.00,-,0,0
885,2016,Anureet Singh,2,2,6,43,0,0,-,7.16,-,0,0
886,2016,Colin Munro,4,2,2,15,0,0,-,7.50,-,0,0
887,2016,Irfan Pathan,4,3,8,61,0,0,-,7.62,-,0,0
888,2016,Murali Vijay,14,1,1,8,0,0,-,8.00,-,0,0
889,2016,Suresh Raina,15,4,10,82,0,0,-,8.20,-,0,0
890,2016,Deepak Chahar,2,2,5,41,0,0,-,8.20,-,0,0
891,2016,Yuvraj Singh,10,5,6.1,52,0,0,-,8.43,-,0,0
892,2016,Dale Steyn,1,1,2,17,0,0,-,8.50,-,0,0
893,2016,Glenn Maxwell,11,7,9,80,0,0,-,8.88,-,0,0
894,2016,Swapnil Singh,1,1,3,29,0,0,-,9.66,-,0,0
895,2016,Karn Sharma,5,5,16.2,171,0,0,-,10.46,-,0,0
896,2017,Bhuvneshwar Kumar,14,14,52.2,369,26,0,14.19,7.05,12.07,0,1
897,2017,Jaydev Unadkat,12,12,45.5,322,24,0,13.41,7.02,11.45,0,1
898,2017,Jasprit Bumrah,16,16,59.2,439,20,0,21.95,7.39,17.80,0,0
899,2017,Mitchell McClenaghan,14,14,54,507,19,0,26.68,9.38,17.05,0,0
900,2017,Imran Tahir,12,12,47,369,18,0,20.50,7.85,15.66,0,0
901,2017,Rashid Khan,14,14,54,358,17,0,21.05,6.62,19.05,0,0
902,2017,Sandeep Sharma,13,13,48,398,17,0,23.41,8.29,16.94,1,0
903,2017,Umesh Yadav,14,14,48.3,410,17,0,24.11,8.45,17.11,1,0
904,2017,Chris Woakes,13,13,44,386,17,0,22.70,8.77,15.52,0,0
905,2017,Pawan Negi,12,12,32.1,197,16,0,12.31,6.12,12.06,0,0
906,2017,Siddarth Kaul,10,10,35.4,300,16,0,18.75,8.41,13.37,1,0
907,2017,Axar Patel,14,14,48,362,15,0,24.13,7.54,19.20,0,0
908,2017,Nathan Coulter-Nile,8,8,28.2,228,15,0,15.20,8.04,11.33,0,0
909,2017,Pat Cummins,12,12,46.1,373,15,0,24.86,8.07,18.46,0,0
910,2017,Yuzvendra Chahal,13,13,43.3,333,14,0,23.78,7.65,18.64,0,0
911,2017,Karn Sharma,9,9,30.4,214,13,0,16.46,6.97,14.15,1,0
912,2017,Mohit Sharma,14,14,45.4,410,13,0,31.53,8.97,21.07,0,0
913,2017,Andrew Tye,6,6,21,141,12,0,11.75,6.71,10.50,0,1
914,2017,Ben Stokes,12,12,44,316,12,0,26.33,7.18,22.00,0,0
915,2017,Chris Morris,9,9,31,240,12,0,20.00,7.74,15.50,1,0
916,2017,Kuldeep Yadav,12,11,41,340,12,0,28.33,8.29,20.50,0,0
917,2017,Dan Christian,13,13,40,298,11,0,27.09,7.45,21.81,0,0
918,2017,Shardul Thakur,12,12,38.1,315,11,0,28.63,8.25,20.81,0,0
919,2017,Lasith Malinga,12,12,44.5,382,11,0,34.72,8.52,24.45,0,0
920,2017,Basil Thampi,12,12,44.4,424,11,0,38.54,9.49,24.36,0,0
921,2017,Krunal Pandya,13,13,40,273,10,0,27.30,6.82,24.00,0,0
922,2017,Sunil Narine,16,15,59,412,10,0,41.20,6.98,35.40,0,0
923,2017,Zaheer Khan,11,11,40.1,313,10,0,31.30,7.79,24.10,0,0
924,2017,Amit Mishra,14,14,38.5,343,10,0,34.30,8.83,23.30,0,0
925,2017,Mohammed Siraj,6,6,23,212,10,0,21.20,9.21,13.80,1,0
926,2017,Samuel Badree,7,7,25,188,9,0,20.88,7.52,16.66,1,0
927,2017,Washington Sundar,11,10,30,185,8,0,23.12,6.16,22.50,0,0
928,2017,Harbhajan Singh,11,11,41,266,8,0,33.25,6.48,30.75,0,0
929,2017,Ashish Nehra,6,6,21.1,197,8,0,24.62,9.30,15.87,0,0
930,2017,Glenn Maxwell,14,8,19,125,7,0,17.85,6.57,16.28,0,0
931,2017,Mitchell Johnson,5,5,20,141,7,0,20.14,7.05,17.14,0,0
932,2017,Varun Aaron,6,6,20,163,7,0,23.28,8.15,17.14,0,0
933,2017,Adam Zampa,6,6,19.5,163,7,0,23.28,8.21,17.00,0,0
934,2017,Shahbaz Nadeem,7,7,17.5,119,6,0,19.83,6.67,17.83,0,0
935,2017,Hardik Pandya,17,13,26,213,6,0,35.50,8.19,26.00,0,0
936,2017,Kagiso Rabada,6,6,21.2,188,6,0,31.33,8.81,21.33,0,0
937,2017,Piyush Chawla,6,6,20,179,6,0,29.83,8.95,20.00,0,0
938,2017,Praveen Kumar,6,6,16.3,151,6,0,25.16,9.15,16.50,0,0
939,2017,James Faulkner,8,8,26.2,258,6,0,43.00,9.79,26.33,0,0
940,2017,Aniket Choudhary,5,5,16.5,144,5,0,28.80,8.55,20.20,0,0
941,2017,Tymal Mills,5,5,17.5,153,5,0,30.60,8.57,21.40,0,0
942,2017,Sreenath Arvind,10,10,30.3,275,5,0,55.00,9.01,36.60,0,0
943,2017,Trent Boult,6,6,23.5,216,5,0,43.20,9.06,28.60,0,0
944,2017,Shane Watson,8,8,26.5,245,5,0,49.00,9.13,32.20,0,0
945,2017,Ravindra Jadeja,12,12,38,349,5,0,69.80,9.18,45.60,0,0
946,2017,Mohammed Shami,8,8,26,243,5,0,48.60,9.34,31.20,0,0
947,2017,Pradeep Sangwan,5,5,18,181,5,0,36.20,10.05,21.60,0,0
948,2017,Ankit Rajpoot,5,5,14,107,4,0,26.75,7.64,21.00,0,0
949,2017,Stuart Binny,8,4,6,50,4,0,12.50,8.33,9.00,0,0
950,2017,Colin de Grandhomme,12,9,16,135,4,0,33.75,8.43,24.00,0,0
951,2017,KC Cariappa,4,4,15,127,4,0,31.75,8.46,22.50,0,0
952,2017,Rahul Tewatia,3,3,9,49,3,0,16.33,5.44,18.00,0,0
953,2017,Lockie Ferguson,4,4,13,93,3,0,31.00,7.15,26.00,0,0
954,2017,Bipul Sharma,7,7,16.2,129,3,0,43.00,7.89,32.66,0,0
955,2017,Dhawal Kulkarni,6,6,18.5,173,3,0,57.66,9.18,37.66,0,0
956,2017,Adam Milne,4,4,14,134,3,0,44.66,9.57,28.00,0,0
957,2017,Tim Southee,3,3,10,96,3,0,32.00,9.60,20.00,0,0
958,2017,Corey Anderson,11,8,18.5,186,3,0,62.00,9.87,37.66,0,0
959,2017,Harshal Patel,1,1,4,43,3,0,14.33,10.75,8.00,0,0
960,2017,Mohammad Nabi,3,3,11,58,2,0,29.00,5.27,33.00,0,0
961,2017,Rajat Bhatia,3,3,7,55,2,0,27.50,7.85,21.00,0,0
962,2017,Ankit Soni,7,6,18.1,144,2,0,72.00,7.92,54.50,0,0
963,2017,Rahul Chahar,3,2,7,58,2,0,29.00,8.28,21.00,0,0
964,2017,Billy Stanlake,2,2,8,70,2,0,35.00,8.75,24.00,0,0
965,2017,T Natarajan,6,6,12.4,115,2,0,57.50,9.07,38.00,0,0
966,2017,Travis Head,7,5,8,81,2,0,40.50,10.12,24.00,0,0
967,2017,Vinay Kumar,1,1,3,31,2,0,15.50,10.33,9.00,0,0
968,2017,Marcus Stoinis,5,5,10.3,110,2,0,55.00,10.47,31.50,0,0
969,2017,Deepak Hooda,10,3,4,42,2,0,21.00,10.50,12.00,0,0
970,2017,Iqbal Abdulla,2,2,5,55,2,0,27.50,11.00,15.00,0,0
971,2017,Dwayne Smith,12,9,13,148,2,0,74.00,11.38,39.00,0,0
972,2017,Nathu Singh,2,2,4,15,1,0,15.00,3.75,24.00,0,0
973,2017,Avesh Khan,1,1,4,23,1,0,23.00,5.75,24.00,0,0
974,2017,Munaf Patel,2,2,7,57,1,0,57.00,8.14,42.00,0,0
975,2017,Suresh Raina,14,6,12,102,1,0,102.00,8.50,72.00,0,0
976,2017,Swapnil Singh,4,4,7,61,1,0,61.00,8.71,42.00,0,0
977,2017,Chris Jordan,1,1,1,9,1,0,9.00,9.00,6.00,0,0
978,2017,Ben Cutting,4,4,12.4,123,1,0,123.00,9.71,76.00,0,0
979,2017,Yusuf Pathan,15,4,4,41,1,0,41.00,10.25,24.00,0,0
980,2017,Moises Henriques,12,12,24,248,1,0,248.00,10.33,144.00,0,0
981,2017,Shubham Agarwal,1,1,4,42,1,0,42.00,10.50,24.00,0,0
982,2017,Deepak Chahar,3,3,7,74,1,0,74.00,10.57,42.00,0,0
983,2017,Yuvraj Singh,12,2,2,22,1,0,22.00,11.00,12.00,0,0
984,2017,Carlos Brathwaite,2,2,6,67,1,0,67.00,11.16,36.00,0,0
985,2017,Ashok Dinda,3,3,10,119,1,0,119.00,11.90,60.00,0,0
986,2017,Matt Henry,2,2,5,71,1,0,71.00,14.20,30.00,0,0
987,2017,Jayant Yadav,2,2,6,42,0,0,-,7.00,-,0,0
988,2017,Tejas Baroka,1,1,3.3,33,0,0,-,9.42,-,0,0
989,2017,Ishant Sharma,6,6,18,179,0,0,-,9.94,-,0,0
990,2017,Shakib Al Hasan,1,1,3,31,0,0,-,10.33,-,0,0
991,2017,Shadab Jakati,2,2,5,52,0,0,-,10.40,-,0,0
992,2017,Angelo Mathews,3,2,5,56,0,0,-,11.20,-,0,0
993,2017,Marlon Samuels,5,2,3,34,0,0,-,11.33,-,0,0
994,2017,Rahul Tripathi,14,1,1,12,0,0,-,12.00,-,0,0
995,2017,Mustafizur Rahman,1,1,2.4,34,0,0,-,12.75,-,0,0
996,2018,Andrew Tye,14,14,56,448,24,0,18.66,8.00,14.00,3,0
997,2018,Rashid Khan,17,17,68,458,21,0,21.80,6.73,19.42,0,0
998,2018,Siddarth Kaul,17,17,66,547,21,0,26.04,8.28,18.85,0,0
999,2018,Umesh Yadav,14,14,53.1,418,20,0,20.90,7.86,15.95,0,0
1000,2018,Trent Boult,14,14,52.4,466,18,0,25.88,8.84,17.55,0,0
1001,2018,Hardik Pandya,13,13,42.4,381,18,0,21.16,8.92,14.22,0,0
1002,2018,Jasprit Bumrah,14,14,54,372,17,0,21.88,6.88,19.05,0,0
1003,2018,Sunil Narine,16,16,61,467,17,0,27.47,7.65,21.52,0,0
1004,2018,Kuldeep Yadav,16,16,51.2,418,17,0,24.58,8.14,18.11,1,0
1005,2018,Shardul Thakur,13,13,46.4,431,16,0,26.93,9.23,17.50,0,0
1006,2018,Mayank Markande,14,14,44,368,15,0,24.53,8.36,17.60,1,0
1007,2018,Jofra Archer,10,10,38.5,325,15,0,21.66,8.36,15.53,0,0
1008,2018,Mujeeb Ur Rahman,11,11,41.2,289,14,0,20.64,6.99,17.71,0,0
1009,2018,Shakib Al Hasan,17,17,57,456,14,0,32.57,8.00,24.42,0,0
1010,2018,Mitchell McClenaghan,11,11,40,332,14,0,23.71,8.30,17.14,0,0
1011,2018,Piyush Chawla,15,15,49,412,14,0,29.42,8.40,21.00,0,0
1012,2018,Dwayne Bravo,16,16,53.3,533,14,0,38.07,9.96,22.92,0,0
1013,2018,Andre Russell,16,15,37.5,355,13,0,27.30,9.38,17.46,0,0
1014,2018,Krunal Pandya,14,13,40.1,284,12,0,23.66,7.07,20.08,0,0
1015,2018,Amit Mishra,10,10,37,264,12,0,22.00,7.13,18.50,0,0
1016,2018,Yuzvendra Chahal,14,14,50,363,12,0,30.25,7.26,25.00,0,0
1017,2018,Sandeep Sharma,12,12,44,333,12,0,27.75,7.56,22.00,0,0
1018,2018,Lungi Ngidi,7,7,26,156,11,0,14.18,6.00,14.18,1,0
1019,2018,Ravindra Jadeja,16,14,41,303,11,0,27.54,7.39,22.36,0,0
1020,2018,Shreyas Gopal,11,10,31,236,11,0,21.45,7.61,16.90,1,0
1021,2018,Krishnappa Gowtham,15,15,40,312,11,0,28.36,7.80,21.81,0,0
1022,2018,Ankit Rajpoot,8,8,26.1,223,11,0,20.27,8.52,14.27,0,1
1023,2018,Mohammed Siraj,11,11,41,367,11,0,33.36,8.95,22.36,0,0
1024,2018,Jaydev Unadkat,15,15,50.2,486,11,0,44.18,9.65,27.45,0,0
1025,2018,Deepak Chahar,12,12,38.1,278,10,0,27.80,7.28,22.90,0,0
1026,2018,Ravichandran Ashwin,14,14,50.4,410,10,0,41.00,8.09,30.40,0,0
1027,2018,Prasidh Krishna,7,7,28,260,10,0,26.00,9.28,16.80,1,0
1028,2018,Bhuvneshwar Kumar,12,12,46.1,354,9,0,39.33,7.66,30.77,0,0
1029,2018,Ben Laughlin,7,7,21,211,9,0,23.44,10.04,14.00,0,0
1030,2018,Ben Stokes,13,12,37,303,8,0,37.87,8.18,27.75,0,0
1031,2018,Chris Woakes,5,5,18.2,190,8,0,23.75,10.36,13.75,0,0
1032,2018,Mustafizur Rahman,7,7,27.3,230,7,0,32.85,8.36,23.57,0,0
1033,2018,Harbhajan Singh,13,12,31.5,270,7,0,38.57,8.48,27.28,0,0
1034,2018,Harshal Patel,5,5,17.3,167,7,0,23.85,9.54,15.00,0,0
1035,2018,Mohit Sharma,9,9,29.4,322,7,0,46.00,10.85,25.42,0,0
1036,2018,Rahul Tewatia,8,8,22,173,6,0,28.83,7.86,22.00,0,0
1037,2018,Shane Watson,15,11,28,251,6,0,41.83,8.96,28.00,0,0
1038,2018,Imran Tahir,6,6,20.4,188,6,0,31.33,9.09,20.66,0,0
1039,2018,Tom Curran,5,5,10.1,118,6,0,19.66,11.60,10.16,0,0
1040,2018,Ish Sodhi,6,6,23,135,5,0,27.00,5.86,27.60,0,0
1041,2018,Sandeep Lamichhane,3,3,12,82,5,0,16.40,6.83,14.40,0,0
1042,2018,Billy Stanlake,4,4,16,130,5,0,26.00,8.12,19.20,0,0
1043,2018,Glenn Maxwell,12,10,16,132,5,0,26.40,8.25,19.20,0,0
1044,2018,Tim Southee,8,8,29,261,5,0,52.20,9.00,34.80,0,0
1045,2018,Carlos Brathwaite,4,4,10.1,94,5,0,18.80,9.24,12.20,0,0
1046,2018,Shivam Mavi,9,9,28,270,5,0,54.00,9.64,33.60,0,0
1047,2018,Basil Thampi,4,4,10.1,114,5,0,22.80,11.21,12.20,0,0
1048,2018,Nitish Rana,15,5,6.1,44,4,0,11.00,7.13,9.25,0,0
1049,2018,Dan Christian,4,4,11.5,101,4,0,25.25,8.53,17.75,0,0
1050,2018,Liam Plunkett,7,7,25,225,4,0,56.25,9.00,37.50,0,0
1051,2018,Karn Sharma,6,5,9.3,89,4,0,22.25,9.36,14.25,0,0
1052,2018,Dhawal Kulkarni,8,8,19.5,188,4,0,47.00,9.47,29.75,0,0
1053,2018,Washington Sundar,7,7,20,192,4,0,48.00,9.60,30.00,0,0
1054,2018,Barinder Sran,6,6,22,229,4,0,57.25,10.40,33.00,0,0
1055,2018,Avesh Khan,6,6,19,204,4,0,51.00,10.73,28.50,0,0
1056,2018,Moeen Ali,5,5,13.1,97,3,0,32.33,7.36,26.33,0,0
1057,2018,Murugan Ashwin,2,2,7,53,3,0,17.66,7.57,14.00,0,0
1058,2018,Axar Patel,9,8,26,218,3,0,72.66,8.38,52.00,0,0
1059,2018,Chris Morris,4,4,14,143,3,0,47.66,10.21,28.00,0,0
1060,2018,Mohammed Shami,4,4,13.5,144,3,0,48.00,10.40,27.66,0,0
1061,2018,Shahbaz Nadeem,6,6,15,161,3,0,53.66,10.73,30.00,0,0
1062,2018,Marcus Stoinis,7,6,11,120,3,0,40.00,10.90,22.00,0,0
1063,2018,KM Asif,2,2,6,75,3,0,25.00,12.50,12.00,0,0
1064,2018,Corey Anderson,3,3,8.4,115,3,0,38.33,13.26,17.33,0,0
1065,2018,Colin de Grandhomme,9,7,15,129,2,0,64.50,8.60,45.00,0,0
1066,2018,David Willey,3,3,10,95,2,0,47.50,9.50,30.00,0,0
1067,2018,Kulwant Khejroliya,3,3,10.5,107,2,0,53.50,9.87,32.50,0,0
1068,2018,Ben Cutting,9,7,17,168,2,0,84.00,9.88,51.00,0,0
1069,2018,Mitchell Johnson,6,6,21,216,2,0,108.00,10.28,63.00,0,0
1070,2018,Javon Searles,4,3,7,89,2,0,44.50,12.71,21.00,0,0
1071,2018,Vinay Kumar,2,2,3.5,65,2,0,32.50,16.95,11.50,0,0
1072,2018,D'Arcy Short,7,2,3,19,1,0,19.00,6.33,18.00,0,0
1073,2018,Yusuf Pathan,15,1,2,14,1,0,14.00,7.00,12.00,0,0
1074,2018,Mohammad Nabi,2,2,5,47,1,0,47.00,9.40,30.00,0,0
1075,2018,Anureet Singh,3,3,4,42,1,0,42.00,10.50,24.00,0,0
1076,2018,Vijay Shankar,13,4,5,58,1,0,58.00,11.60,30.00,0,0
1077,2018,Pawan Negi,2,2,4,49,1,0,49.00,12.25,24.00,0,0
1078,2018,Chris Jordan,1,1,4,31,0,0,-,7.75,-,0,0
1079,2018,Deepak Hooda,9,2,3,24,0,0,-,8.00,-,0,0
1080,2018,Mahipal Lomror,2,2,3,27,0,0,-,9.00,-,0,0
1081,2018,Pradeep Sangwan,1,1,2,19,0,0,-,9.50,-,0,0
1082,2018,Manoj Tiwary,5,1,1,10,0,0,-,10.00,-,0,0
1083,2018,Ankit Sharma,1,1,1,11,0,0,-,11.00,-,0,0
1084,2018,Junior Dala,1,1,3,34,0,0,-,11.33,-,0,0
1085,2018,Yuvraj Singh,8,2,2,23,0,0,-,11.50,-,0,0
1086,2018,Akila Dananjaya,1,1,4,47,0,0,-,11.75,-,0,0
1087,2018,JP Duminy,6,2,3,36,0,0,-,12.00,-,0,0
1088,2018,Mark Wood,1,1,4,49,0,0,-,12.25,-,0,0
1089,2018,Khaleel Ahmed,1,1,3,38,0,0,-,12.66,-,0,0
1090,2018,Stuart Binny,7,1,2,33,0,0,-,16.50,-,0,0
